date,AAPL,AMGN,AXP,BA,CAT,CRM,CSCO,CVX,DIS,GS,HD,HON,IBM,INTC,JNJ,JPM,KO,MCD,MMM,MRK,MSFT,NKE,PG,TRV,UNH,V,VZ,WBA,WMT
2017-01-03,0,0,0,0,0,0,0,0,0,0,0,0,0,0,0,0,0,0,0,0,0,0,0,0,0,0,0,0,0
2017-01-04,0,0,0,9,13,0,2,4,2,18,0,0,0,0,0,12,2,20,13,0,0,0,0,1,0,0,0,0,15
2017-01-05,0,0,0,9,13,0,2,4,2,18,0,0,0,0,0,12,2,20,13,0,0,0,0,1,0,0,0,0,15
2017-01-06,0,0,0,9,13,0,2,4,2,18,0,0,0,0,0,12,2,20,13,0,0,0,0,1,0,0,0,0,15
2017-01-09,0,0,0,9,13,0,2,4,2,18,0,0,0,0,0,12,2,20,13,0,0,0,0,1,0,0,0,0,15
2017-01-10,0,0,0,0,0,0,0,0,0,0,0,0,0,0,0,0,0,0,0,0,0,0,0,0,0,0,0,0,0
2017-01-11,0,0,0,9,13,0,2,4,2,18,0,0,0,0,0,12,2,20,13,0,0,0,0,1,0,0,0,0,15
2017-01-12,0,0,0,9,13,0,2,4,2,18,0,0,0,0,0,12,2,20,13,0,0,0,0,1,0,0,0,0,15
2017-01-13,0,0,0,9,13,0,2,4,2,18,0,0,0,0,0,12,2,20,13,0,0,0,0,1,0,0,0,0,15
2017-01-17,0,0,0,0,0,0,0,0,0,0,0,0,0,0,0,0,0,0,0,0,0,0,0,0,0,0,0,0,0
2017-01-18,0,0,0,9,13,0,2,4,2,18,0,0,0,0,0,12,2,20,13,0,0,0,0,1,0,0,0,0,15
2017-01-19,0,0,0,9,13,0,2,4,2,18,0,0,0,0,0,12,2,20,13,0,0,0,0,1,0,0,0,0,15
2017-01-20,0,0,0,9,13,0,2,4,2,18,0,0,0,0,0,12,2,20,13,0,0,0,0,1,0,0,0,0,15
2017-01-23,0,0,0,9,13,0,2,4,2,18,0,0,0,0,0,12,2,20,13,0,0,0,0,1,0,0,0,0,15
2017-01-24,0,0,0,0,0,0,0,0,0,0,0,0,0,0,0,0,0,0,0,0,0,0,0,0,0,0,0,0,0
2017-01-25,0,0,0,9,13,0,2,4,2,18,0,0,0,0,0,12,2,20,13,0,0,0,0,1,0,0,0,0,15
2017-01-26,0,0,0,9,13,0,2,4,2,18,0,0,0,0,0,12,2,20,13,0,0,0,0,1,0,0,0,0,15
2017-01-27,0,0,0,9,13,0,2,4,2,18,0,0,0,0,0,12,2,20,13,0,0,0,0,1,0,0,0,0,15
2017-01-30,0,0,0,9,13,0,2,4,2,18,0,0,0,0,0,12,2,20,13,0,0,0,0,1,0,0,0,0,15
2017-01-31,0,0,0,0,0,0,0,0,0,0,0,0,0,0,0,0,0,0,0,0,0,0,0,0,0,0,0,0,0
2017-02-01,0,0,0,9,13,0,2,4,2,18,0,0,0,0,0,12,2,20,13,0,0,0,0,1,0,0,0,0,15
2017-02-02,0,0,0,9,13,0,2,4,2,18,0,0,0,0,0,12,2,20,13,0,0,0,0,1,0,0,0,0,15
2017-02-03,0,0,0,9,13,0,2,4,2,18,0,0,0,0,0,12,2,20,13,0,0,0,0,1,0,0,0,0,15
2017-02-06,0,0,0,9,13,0,2,4,2,18,0,0,0,0,0,12,2,20,13,0,0,0,0,1,0,0,0,0,15
2017-02-07,0,0,0,0,0,0,0,0,0,0,0,0,0,0,0,0,0,0,0,0,0,0,0,0,0,0,0,0,0
2017-02-08,0,0,0,9,13,0,2,4,2,18,0,0,0,0,0,12,2,20,13,0,0,0,0,1,0,0,0,0,15
2017-02-09,0,0,0,9,13,0,2,4,2,18,0,0,0,0,0,12,2,20,13,0,0,0,0,1,0,0,0,0,15
2017-02-10,0,0,0,9,13,0,2,4,2,18,0,0,0,0,0,12,2,20,13,0,0,0,0,1,0,0,0,0,15
2017-02-13,0,0,0,9,13,0,2,4,2,18,0,0,0,0,0,12,2,20,13,0,0,0,0,1,0,0,0,0,15
2017-02-14,0,0,0,0,0,0,0,0,0,0,0,0,0,0,0,0,0,0,0,0,0,0,0,0,0,0,0,0,0
2017-02-15,0,0,0,9,13,0,2,4,2,18,0,0,0,0,0,12,2,20,13,0,0,0,0,1,0,0,0,0,15
2017-02-16,0,0,0,9,13,0,2,4,2,18,0,0,0,0,0,12,2,20,13,0,0,0,0,1,0,0,0,0,15
2017-02-17,0,0,0,9,13,0,2,4,2,18,0,0,0,0,0,12,2,20,13,0,0,0,0,1,0,0,0,0,15
2017-02-21,0,0,0,0,0,0,0,0,0,0,0,0,0,0,0,0,0,0,0,0,0,0,0,0,0,0,0,0,0
2017-02-22,0,0,0,9,13,0,2,4,2,18,0,0,0,0,0,12,2,20,13,0,0,0,0,1,0,0,0,0,15
2017-02-23,0,0,0,9,13,0,2,4,2,18,0,0,0,0,0,12,2,20,13,0,0,0,0,1,0,0,0,0,15
2017-02-24,0,0,0,9,13,0,2,4,2,18,0,0,0,0,0,12,2,20,13,0,0,0,0,1,0,0,0,0,15
2017-02-27,0,0,0,9,13,0,2,4,2,18,0,0,0,0,0,12,2,20,13,0,0,0,0,1,0,0,0,0,15
2017-02-28,0,0,0,0,0,0,0,0,0,0,0,0,0,0,0,0,0,0,0,0,0,0,0,0,0,0,0,0,0
2017-03-01,0,0,0,9,13,0,2,4,2,18,0,0,0,0,0,12,2,20,13,0,0,0,0,1,0,0,0,0,15
2017-03-02,0,0,0,9,13,0,2,4,2,18,0,0,0,0,0,12,2,20,13,0,0,0,0,1,0,0,0,0,15
2017-03-03,0,0,0,9,13,0,2,4,2,18,0,0,0,0,0,12,2,20,13,0,0,0,0,1,0,0,0,0,15
2017-03-06,0,0,0,9,13,0,2,4,2,18,0,0,0,0,0,12,2,20,13,0,0,0,0,1,0,0,0,0,15
2017-03-07,0,0,0,0,0,0,0,0,0,0,0,0,0,0,0,0,0,0,0,0,0,0,0,0,0,0,0,0,0
2017-03-08,0,0,0,9,13,0,2,4,2,18,0,0,0,0,0,12,2,20,13,0,0,0,0,1,0,0,0,0,15
2017-03-09,0,0,0,9,13,0,2,4,2,18,0,0,0,0,0,12,2,20,13,0,0,0,0,1,0,0,0,0,15
2017-03-10,0,0,0,9,13,0,2,4,2,18,0,0,0,0,0,12,2,20,13,0,0,0,0,1,0,0,0,0,15
2017-03-13,0,0,0,9,13,0,2,4,2,18,0,0,0,0,0,12,2,20,13,0,0,0,0,1,0,0,0,0,15
2017-03-14,0,0,0,0,0,0,0,0,0,0,0,0,0,0,0,0,0,0,0,0,0,0,0,0,0,0,0,0,0
2017-03-15,0,0,0,9,13,0,2,4,2,18,0,0,0,0,0,12,2,20,13,0,0,0,0,1,0,0,0,0,15
2017-03-16,0,0,0,9,13,0,2,4,2,18,0,0,0,0,0,12,2,20,13,0,0,0,0,1,0,0,0,0,15
2017-03-17,0,0,0,9,13,0,2,4,2,18,0,0,0,0,0,12,2,20,13,0,0,0,0,1,0,0,0,0,15
2017-03-20,0,0,0,9,13,0,2,4,2,18,0,0,0,0,0,12,2,20,13,0,0,0,0,1,0,0,0,0,15
2017-03-21,0,0,0,0,0,0,0,0,0,0,0,0,0,0,0,0,0,0,0,0,0,0,0,0,0,0,0,0,0
2017-03-22,0,0,0,9,13,0,2,4,2,18,0,0,0,0,0,12,2,20,13,0,0,0,0,1,0,0,0,0,15
2017-03-23,0,0,0,9,13,0,2,4,2,18,0,0,0,0,0,12,2,20,13,0,0,0,0,1,0,0,0,0,15
2017-03-24,0,0,0,9,13,0,2,4,2,18,0,0,0,0,0,12,2,20,13,0,0,0,0,1,0,0,0,0,15
2017-03-27,0,0,0,9,13,0,2,4,2,18,0,0,0,0,0,12,2,20,13,0,0,0,0,1,0,0,0,0,15
2017-03-28,0,0,0,0,0,0,0,0,0,0,0,0,0,0,0,0,0,0,0,0,0,0,0,0,0,0,0,0,0
2017-03-29,0,0,0,9,13,0,2,4,2,18,0,0,0,0,0,12,2,20,13,0,0,0,0,1,0,0,0,0,15
2017-03-30,0,0,0,9,13,0,2,4,2,18,0,0,0,0,0,12,2,20,13,0,0,0,0,1,0,0,0,0,15
2017-03-31,0,0,0,9,13,0,2,4,2,18,0,0,0,0,0,12,2,20,13,0,0,0,0,1,0,0,0,0,15
2017-04-04,0,0,0,0,0,0,0,0,0,0,0,0,0,0,0,0,0,0,0,0,0,0,0,0,0,0,0,0,0
2017-04-05,100,100,0,100,-100,100,-98,-100,-98,-100,100,100,0,0,0,100,100,-100,-100,0,0,0,0,-49,0,0,100,0,-100
2017-04-06,100,100,0,100,-100,100,0,-96,0,-100,100,100,0,0,0,100,100,-100,-100,0,0,0,0,0,0,0,100,0,-100
2017-04-07,100,100,0,100,-100,100,0,0,0,-100,100,100,0,0,0,100,100,-100,-100,0,0,0,0,0,0,0,100,0,-100
2017-04-10,100,100,0,100,-100,100,0,0,0,-100,100,100,0,0,0,100,100,-100,-100,0,0,0,0,0,0,0,100,0,-100
2017-04-11,0,0,0,0,0,0,0,0,0,0,0,0,0,0,0,0,0,0,0,0,0,0,0,0,0,0,0,0,0
2017-04-12,100,100,0,100,-100,100,0,0,0,-100,100,100,0,0,0,100,100,-100,-100,0,0,0,0,0,0,0,100,0,-100
2017-04-13,100,100,0,100,-100,100,0,0,0,-100,100,100,0,0,0,100,100,-100,-100,0,0,0,0,0,0,0,100,0,-100
2017-04-17,100,100,0,100,-37,100,0,0,0,-100,100,100,0,0,0,100,100,-100,-37,0,0,0,0,0,0,0,100,0,-100
2017-04-18,0,0,0,0,0,0,0,0,0,0,0,0,0,0,0,0,0,0,0,0,0,0,0,0,0,0,0,0,0
2017-04-19,100,100,0,100,0,100,0,0,0,-100,100,100,0,0,0,100,100,-100,0,0,0,0,0,0,0,0,100,0,-35
2017-04-20,100,100,0,100,0,100,0,0,0,-82,100,100,0,0,0,100,100,-100,0,0,0,0,0,0,0,0,100,0,0
2017-04-21,100,100,0,100,0,100,0,0,0,0,100,100,0,0,0,100,100,-80,0,0,0,0,0,0,0,0,100,0,0
2017-04-24,100,100,0,100,0,100,0,0,0,0,100,98,0,0,0,100,100,0,0,0,0,0,0,0,0,0,100,0,0
2017-04-25,0,0,0,0,0,0,0,0,0,0,0,0,0,0,0,0,0,0,0,0,0,0,0,0,0,0,0,0,0
2017-04-26,100,0,0,0,0,0,0,0,0,0,0,0,0,0,0,0,-100,0,0,0,0,0,0,0,0,0,8,0,0
2017-04-27,100,0,0,0,0,0,0,0,0,0,0,0,0,0,0,0,-100,0,0,0,0,0,0,0,0,0,5,0,0
2017-04-28,100,0,0,0,0,0,0,0,0,0,0,0,0,0,0,0,-100,0,0,0,0,0,0,0,0,0,7,0,0
2017-05-01,100,0,0,0,0,0,0,0,0,0,0,0,0,0,0,0,-100,0,0,0,0,0,0,0,0,0,4,0,0
2017-05-02,0,0,0,0,0,0,0,0,0,0,0,0,0,0,0,0,0,0,0,0,0,0,0,0,0,0,0,0,0
2017-05-03,100,0,0,0,0,0,0,0,0,0,0,0,0,0,0,0,-100,0,0,0,0,0,0,0,0,0,4,0,0
2017-05-04,100,0,0,0,0,0,0,0,0,0,0,0,0,0,0,0,-100,0,0,0,0,0,0,0,0,0,6,0,0
2017-05-05,100,0,0,0,0,0,0,0,0,0,0,0,0,0,0,0,-100,0,0,0,0,0,0,0,0,0,3,0,0
2017-05-08,100,0,0,0,0,0,0,0,0,0,0,0,0,0,0,0,-100,0,0,0,0,0,0,0,0,0,2,0,0
2017-05-09,0,0,0,0,0,0,0,0,0,0,0,0,0,0,0,0,0,0,0,0,0,0,0,0,0,0,0,0,0
2017-05-10,100,0,0,0,0,0,0,0,0,0,0,0,0,0,0,0,-100,0,0,0,0,0,0,0,0,0,1,0,0
2017-05-11,100,0,0,0,0,0,0,0,0,0,0,0,0,0,0,0,-100,0,0,0,0,0,0,0,0,0,0,0,0
2017-05-12,98,0,0,0,0,0,0,0,0,0,0,0,0,0,0,0,-100,0,0,0,0,0,0,0,0,0,0,0,0
2017-05-15,97,0,0,0,0,0,0,0,0,0,0,0,0,0,0,0,-98,0,0,0,0,0,0,0,0,0,0,0,0
2017-05-16,0,0,0,0,0,0,0,0,0,0,0,0,0,0,0,0,0,0,0,0,0,0,0,0,0,0,0,0,0
2017-05-17,0,0,0,0,0,0,0,0,0,0,0,0,0,0,0,0,0,0,0,0,0,0,0,0,0,0,0,0,0
2017-05-18,0,0,0,0,0,0,0,0,0,0,0,0,0,0,0,0,0,0,0,0,0,0,0,0,0,0,0,0,0
2017-05-19,0,0,0,0,0,0,0,0,0,0,0,0,0,0,0,0,0,0,0,0,0,0,0,0,0,0,0,0,0
2017-05-22,0,0,0,0,0,0,0,0,0,0,0,0,0,0,0,0,0,0,0,0,0,0,0,0,0,0,0,0,0
2017-05-23,0,0,0,0,0,0,0,0,0,0,0,0,0,0,0,0,0,0,0,0,0,0,0,0,0,0,0,0,0
2017-05-24,0,0,0,0,0,0,0,0,0,0,0,0,0,0,0,0,0,0,0,0,0,0,0,0,0,0,0,0,0
2017-05-25,0,0,0,0,0,0,0,0,0,0,0,0,0,0,0,0,0,0,0,0,0,0,0,0,0,0,0,0,0
2017-05-26,0,0,0,0,0,0,0,0,0,0,0,0,0,0,0,0,0,0,0,0,0,0,0,0,0,0,0,0,0
2017-05-30,0,0,0,0,0,0,0,0,0,0,0,0,0,0,0,0,0,0,0,0,0,0,0,0,0,0,0,0,0
2017-05-31,0,0,0,0,0,0,0,0,0,0,0,0,0,0,0,0,0,0,0,0,0,0,0,0,0,0,0,0,0
2017-06-01,0,0,0,0,0,0,0,0,0,0,0,0,0,0,0,0,0,0,0,0,0,0,0,0,0,0,0,0,0
2017-06-02,0,0,0,0,0,0,0,0,0,0,0,0,0,0,0,0,0,0,0,0,0,0,0,0,0,0,0,0,0
2017-06-05,0,0,0,0,0,0,0,0,0,0,0,0,0,0,0,0,0,0,0,0,0,0,0,0,0,0,0,0,0
2017-06-06,0,0,0,0,0,0,0,0,0,0,0,0,0,0,0,0,0,0,0,0,0,0,0,0,0,0,0,0,0
2017-06-07,0,0,0,0,0,0,0,0,0,0,0,0,0,0,0,0,0,0,0,0,0,0,0,0,0,0,0,0,0
2017-06-08,0,0,0,0,0,0,0,0,0,0,0,0,0,0,0,0,0,0,0,0,0,0,0,0,0,0,0,0,0
2017-06-09,0,0,0,0,0,0,0,0,0,0,0,0,0,0,0,0,0,0,0,0,0,0,0,0,0,0,0,0,0
2017-06-12,0,0,0,0,0,0,0,0,0,0,0,0,0,0,0,0,0,0,0,0,0,0,0,0,0,0,0,0,0
2017-06-13,0,0,0,0,0,0,0,0,0,0,0,0,0,0,0,0,0,0,0,0,0,0,0,0,0,0,0,0,0
2017-06-14,0,0,0,0,0,0,0,0,0,0,0,0,0,0,0,0,0,0,0,0,0,0,0,0,0,0,0,0,0
2017-06-15,0,0,0,0,0,0,0,0,0,0,0,0,0,0,0,0,0,0,0,0,0,0,0,0,0,0,0,0,0
2017-06-16,0,0,0,0,0,0,0,0,0,0,0,0,0,0,0,0,0,0,0,0,0,0,0,0,0,0,0,0,0
2017-06-19,0,0,0,0,0,0,0,0,0,0,0,0,0,0,0,0,0,0,0,0,0,0,0,0,0,0,0,0,0
2017-06-20,0,0,0,0,0,0,0,0,0,0,0,0,0,0,0,0,0,0,0,0,0,0,0,0,0,0,0,0,0
2017-06-21,0,0,0,0,0,0,0,0,0,0,0,0,0,0,0,0,0,0,0,0,0,0,0,0,0,0,0,0,0
2017-06-22,0,0,0,0,0,0,0,0,0,0,0,0,0,0,0,0,0,0,0,0,0,0,0,0,0,0,0,0,0
2017-06-23,0,0,0,0,0,0,0,0,0,0,0,0,0,0,0,0,0,0,0,0,0,0,0,0,0,0,0,0,0
2017-06-26,0,0,0,0,0,0,0,0,0,0,0,0,0,0,0,0,0,0,0,0,0,0,0,0,0,0,0,0,0
2017-06-27,0,0,0,0,0,0,0,0,0,0,0,0,0,0,0,0,0,0,0,0,0,0,0,0,0,0,0,0,0
2017-06-28,0,0,0,0,0,0,0,0,0,0,0,0,0,0,0,0,0,0,0,0,0,0,0,0,0,0,0,0,0
2017-06-29,0,0,0,0,0,0,0,0,0,0,0,0,0,0,0,0,0,0,0,0,0,0,0,0,0,0,0,0,0
2017-06-30,0,0,0,0,0,0,0,0,0,0,0,0,0,0,0,0,0,0,0,0,0,0,0,0,0,0,0,0,0
2017-07-05,0,0,0,-97,0,0,0,0,0,0,0,0,0,0,0,-99,0,99,0,2,0,0,0,0,75,0,0,0,0
2017-07-06,0,0,0,-80,0,0,0,0,0,0,0,0,0,0,0,-98,0,0,0,99,14,0,0,0,99,0,1,0,0
2017-07-07,-35,-3,0,0,0,0,0,0,0,0,-49,0,0,0,1,-97,0,0,0,0,99,0,0,0,54,0,1,0,0
2017-07-10,-43,-33,0,0,0,0,0,0,0,0,-49,0,0,0,0,-97,0,0,0,0,52,0,0,0,99,0,0,0,0
2017-07-11,0,0,0,0,0,0,0,0,0,0,0,0,0,0,0,0,0,0,0,0,0,0,0,0,0,0,0,0,0
2017-07-12,-71,-58,0,0,0,0,0,21,0,0,-50,0,0,0,0,-98,0,0,0,0,99,0,0,0,99,0,0,0,0
2017-07-13,-83,-69,0,0,0,48,0,0,0,0,-12,0,0,0,0,-99,0,-39,0,0,99,0,0,0,99,0,0,0,0
2017-07-14,-95,-73,0,0,0,98,0,65,0,0,-3,-62,0,0,-1,-99,0,-60,0,0,98,0,0,0,99,0,1,0,0
2017-07-17,-99,-73,0,0,0,21,0,0,0,0,0,-90,0,0,0,-99,0,0,0,0,99,0,0,0,99,0,1,0,99
2017-07-18,0,0,0,0,0,0,0,0,0,0,0,0,0,0,0,0,0,0,0,0,0,0,0,0,0,0,0,0,0
2017-07-19,-99,-88,0,99,0,0,0,0,0,0,0,-94,0,0,0,-99,0,0,0,0,1,0,0,0,51,0,0,0,99
2017-07-20,-99,-87,0,57,0,0,0,0,0,0,0,-98,0,0,0,-99,0,0,0,0,1,0,0,0,99,0,0,0,99
2017-07-21,-99,-94,0,30,0,0,0,0,0,0,0,-99,0,0,0,-99,0,0,0,1,99,0,0,0,98,0,0,0,99
2017-07-24,-98,-96,0,0,0,0,0,0,64,0,0,-99,0,0,0,-99,0,0,99,1,99,0,0,0,0,0,0,0,99
2017-07-25,0,0,0,0,0,0,0,0,0,0,0,0,0,0,0,0,0,0,0,0,0,0,0,0,0,0,0,0,0
2017-07-26,-98,-90,0,0,99,0,0,99,99,0,-57,-99,0,0,0,-99,0,0,51,0,0,0,0,0,0,0,0,0,99
2017-07-27,-96,-21,0,0,99,-10,0,0,0,0,-91,-99,0,0,0,-99,0,0,98,99,0,0,0,0,0,0,1,0,99
2017-07-28,-88,0,0,0,99,-17,0,63,0,0,-99,-99,0,0,0,-99,0,0,99,99,0,0,0,0,0,0,1,0,0
2017-07-31,-78,0,0,0,99,0,0,49,0,0,-99,-99,0,99,0,-99,0,0,99,99,0,0,0,0,0,0,0,0,-51
2017-08-01,0,0,0,0,0,0,0,0,0,0,0,0,0,0,0,0,0,0,0,0,0,0,0,0,0,0,0,0,0
2017-08-02,-69,82,0,-52,99,0,0,98,-14,0,-99,-99,0,99,0,-99,0,0,99,98,0,0,0,0,0,0,1,0,-97
2017-08-03,-33,97,0,-91,99,0,0,99,-50,0,-99,-61,0,99,22,-11,0,0,99,1,0,0,0,0,0,0,1,0,-99
2017-08-04,-10,0,0,-90,99,87,0,98,-52,0,-99,0,0,99,0,0,0,0,99,0,0,0,0,0,0,0,0,0,-99
2017-08-07,0,79,0,-75,99,0,0,1,-47,0,-99,0,0,99,0,0,0,0,99,-64,0,0,0,0,0,0,99,0,-99
2017-08-08,0,0,0,0,0,0,0,0,0,0,0,0,0,0,0,0,0,0,0,0,0,0,0,0,0,0,0,0,0
2017-08-09,0,0,0,-67,99,0,0,0,0,99,-99,0,0,0,0,0,0,0,33,-80,0,0,0,0,0,0,99,0,-99
2017-08-10,-24,0,0,-40,99,0,0,2,0,14,-96,0,0,0,-22,0,0,0,99,-11,-7,0,0,0,0,0,99,0,-99
2017-08-11,-73,0,0,-2,0,0,0,0,0,0,0,69,0,0,0,0,0,0,0,0,-19,0,0,0,0,0,1,0,-50
2017-08-14,-84,0,0,0,0,0,0,0,0,0,0,51,0,1,0,0,0,0,0,0,-42,0,0,0,0,0,0,0,0
2017-08-15,0,0,0,0,0,0,0,0,0,0,0,0,0,0,0,0,0,0,0,0,0,0,0,0,0,0,0,0,0
2017-08-16,-86,0,0,-2,0,0,0,0,0,0,0,60,0,0,0,0,0,0,0,0,-50,0,0,0,0,0,1,0,0
2017-08-17,-81,0,0,0,0,0,0,0,0,34,0,0,0,0,0,0,0,0,0,0,-57,0,0,0,0,0,4,0,0
2017-08-18,-81,-17,0,-5,0,0,0,0,0,63,0,0,0,0,0,0,0,0,-39,0,-45,0,0,0,0,0,99,0,0
2017-08-21,-97,0,0,-21,99,-30,0,0,0,74,0,0,1,0,0,0,0,0,-82,0,-50,0,0,0,0,0,99,0,0
2017-08-22,0,0,0,0,0,0,0,0,0,0,0,0,0,0,0,0,0,0,0,0,0,0,0,0,0,0,0,0,0
2017-08-23,-99,0,0,0,99,0,0,-9,0,0,0,94,0,1,0,0,0,0,-96,0,-59,0,0,0,0,0,98,0,0
2017-08-24,-99,-15,0,0,99,-43,0,-70,0,0,0,99,98,1,0,0,0,0,-98,0,-73,32,0,0,0,0,99,0,0
2017-08-25,-99,-77,0,0,98,-89,0,-81,0,-30,0,97,99,1,0,0,0,0,-98,98,-93,99,0,0,74,0,99,0,0
2017-08-28,-99,-89,0,73,96,-98,0,-52,0,-70,0,1,99,3,0,0,0,0,-95,99,-97,99,0,0,90,0,98,0,0
2017-08-29,0,0,0,0,0,0,0,0,0,0,0,0,0,0,0,0,0,0,0,0,0,0,0,0,0,0,0,0,0
2017-08-30,-80,-95,1,95,97,-99,0,0,0,-67,0,0,99,1,0,0,0,0,-88,98,-99,99,0,0,32,0,98,0,0
2017-08-31,0,-99,99,87,99,-99,97,0,1,-84,0,0,99,0,0,0,0,0,-88,96,-69,99,0,0,0,0,0,0,0
2017-09-01,0,-99,99,0,75,-99,3,0,99,-33,0,0,99,0,0,0,0,0,-58,0,0,99,0,0,0,0,0,0,0
2017-09-05,0,0,0,0,0,0,0,0,0,0,0,0,0,0,0,0,0,0,0,0,0,0,0,0,0,0,0,0,0
2017-09-06,0,-82,0,0,99,-99,1,0,0,0,99,0,28,0,0,0,0,0,-29,0,0,0,0,0,0,0,0,0,0
2017-09-07,0,0,100,0,0,-99,99,0,0,0,0,0,0,-7,0,0,0,0,-57,0,0,2,0,0,8,99,-73,0,0
2017-09-08,0,0,100,0,0,-99,0,0,1,0,64,-16,0,-78,0,0,0,0,0,0,0,0,0,0,0,0,-87,0,0
2017-09-11,0,0,100,0,99,-99,99,0,0,0,0,-59,0,-93,0,0,0,0,-28,0,0,1,0,0,0,66,-93,0,0
2017-09-12,0,0,0,0,0,0,0,0,0,0,0,0,0,0,0,0,0,0,0,0,0,0,0,0,0,0,0,0,0
2017-09-13,0,0,100,0,46,-99,0,0,0,0,0,-17,0,-97,0,0,0,0,0,0,0,100,0,0,0,0,-94,0,0
2017-09-14,0,0,100,0,0,-99,95,0,0,0,0,0,0,-98,0,0,0,0,0,0,0,100,0,0,0,0,-87,0,0
2017-09-15,0,0,15,0,0,-95,2,0,0,0,0,0,0,-97,0,0,0,0,0,-33,0,100,0,0,0,100,-73,0,0
2017-09-18,0,0,87,0,0,-80,0,0,0,0,0,0,-7,-33,0,0,0,0,0,-86,0,1,0,0,0,100,-86,0,0
2017-09-19,0,0,0,0,0,0,0,0,0,0,0,0,0,0,0,0,0,0,0,0,0,0,0,0,0,0,0,0,0
2017-09-20,0,0,0,0,0,-1,0,0,0,0,0,0,0,0,0,0,0,0,0,-95,0,1,0,0,0,65,-39,0,0
2017-09-21,0,0,96,0,0,0,0,0,0,0,0,0,0,0,0,0,0,0,0,-97,0,1,0,0,-8,0,-35,0,0
2017-09-22,0,0,100,0,0,0,1,0,0,0,0,-36,0,0,0,0,0,0,0,-99,0,100,0,0,-70,88,-4,0,0
2017-09-25,0,0,100,0,65,0,0,0,0,0,0,-52,0,0,0,0,0,0,0,-99,0,100,0,0,-97,100,-41,0,0
2017-09-26,0,0,0,0,0,0,0,0,0,0,0,0,0,0,0,0,0,0,0,0,0,0,0,0,0,0,0,0,0
2017-09-27,0,0,100,0,98,0,0,0,0,0,0,-70,0,0,0,0,0,0,0,-99,0,100,0,0,-99,100,-70,0,0
2017-09-28,0,0,100,0,26,0,3,0,0,0,0,-55,0,0,0,0,0,0,0,-99,0,100,0,0,-99,99,-96,0,99
2017-09-29,0,0,100,0,100,0,21,0,0,0,0,-83,0,0,0,0,0,0,-50,-28,0,100,0,0,-99,99,-99,0,99
2017-10-03,0,0,0,0,0,0,0,0,0,0,0,0,0,0,0,0,0,0,0,0,0,0,0,0,0,0,0,0,0
2017-10-04,100,0,0,0,100,0,-100,100,-100,0,-100,100,26,2,0,0,0,0,0,0,0,-100,0,0,0,0,0,0,-100
2017-10-05,100,0,0,0,100,0,-100,100,-1,0,-63,0,0,1,0,0,0,0,0,0,0,-100,0,0,0,0,0,0,-98
2017-10-06,100,0,0,0,37,0,-100,0,0,0,0,0,0,1,0,0,0,0,0,0,0,-100,0,0,0,0,0,0,0
2017-10-09,100,0,0,0,36,0,-100,0,0,0,0,0,0,2,0,0,0,0,0,0,0,-100,0,0,0,0,0,0,0
2017-10-10,0,0,0,0,0,0,0,0,0,0,0,0,0,0,0,0,0,0,0,0,0,0,0,0,0,0,0,0,0
2017-10-11,100,0,0,0,15,0,-21,0,0,0,0,0,0,1,0,0,0,0,0,0,0,-100,0,0,0,0,0,0,0
2017-10-12,100,0,0,0,9,0,0,1,0,0,0,0,0,0,0,0,0,0,0,0,0,-100,0,0,0,0,0,0,0
2017-10-13,100,0,0,0,9,0,0,0,0,0,0,0,0,2,0,0,0,0,0,0,0,-100,0,0,0,0,0,0,0
2017-10-16,100,0,0,0,9,0,0,0,0,0,0,0,0,1,0,0,0,0,0,0,0,-100,0,0,0,0,0,0,0
2017-10-17,0,0,0,0,0,0,0,0,0,0,0,0,0,0,0,0,0,0,0,0,0,0,0,0,0,0,0,0,0
2017-10-18,100,0,0,0,10,0,0,0,0,0,0,0,0,0,0,0,0,0,0,0,0,-100,0,0,0,0,0,0,0
2017-10-19,100,0,0,0,11,0,0,0,0,0,0,0,0,1,0,0,0,0,0,0,0,-100,0,0,0,0,0,0,0
2017-10-20,100,0,0,0,11,0,0,0,0,0,0,0,0,1,0,0,0,0,0,0,0,-100,0,0,0,0,0,0,0
2017-10-23,100,0,0,0,11,0,0,1,0,0,0,0,0,0,0,0,0,0,0,0,0,-100,0,0,0,0,0,0,0
2017-10-24,0,0,0,0,0,0,0,0,0,0,0,0,0,0,0,0,0,0,0,0,0,0,0,0,0,0,0,0,0
2017-10-25,100,0,0,0,12,0,0,0,0,0,0,0,0,1,0,0,0,0,0,0,0,-100,0,0,0,0,0,0,0
2017-10-26,48,0,0,0,0,0,0,0,0,0,0,0,0,0,0,0,0,0,0,0,0,-33,0,0,0,0,0,0,0
2017-10-27,0,0,0,0,0,0,0,0,0,0,0,0,0,0,0,0,0,0,0,0,0,0,0,0,0,0,0,0,0
2017-10-30,0,0,0,0,0,0,0,0,0,0,0,0,0,0,0,0,0,0,0,0,0,0,0,0,0,0,0,0,0
2017-10-31,0,0,0,0,0,0,0,0,0,0,0,0,0,0,0,0,0,0,0,0,0,0,0,0,0,0,0,0,0
2017-11-01,0,0,0,0,0,0,0,0,0,0,0,0,0,0,0,0,0,0,0,0,0,0,0,0,0,0,0,0,0
2017-11-02,0,0,0,0,0,0,0,0,0,0,0,0,0,0,0,0,0,0,0,0,0,0,0,0,0,0,0,0,0
2017-11-03,0,0,0,0,0,0,0,0,0,0,0,0,0,0,0,0,0,0,0,0,0,0,0,0,0,0,0,0,0
2017-11-06,0,0,0,0,0,0,0,0,0,0,0,0,0,0,0,0,0,0,0,0,0,0,0,0,0,0,0,0,0
2017-11-07,0,0,0,0,0,0,0,0,0,0,0,0,0,0,0,0,0,0,0,0,0,0,0,0,0,0,0,0,0
2017-11-08,0,0,0,0,0,0,0,0,0,0,0,0,0,0,0,0,0,0,0,0,0,0,0,0,0,0,0,0,0
2017-11-09,0,0,0,0,0,0,0,0,0,0,0,0,0,0,0,0,0,0,0,0,0,0,0,0,0,0,0,0,0
2017-11-10,0,0,0,0,0,0,0,0,0,0,0,0,0,0,0,0,0,0,0,0,0,0,0,0,0,0,0,0,0
2017-11-13,0,0,0,0,0,0,0,0,0,0,0,0,0,0,0,0,0,0,0,0,0,0,0,0,0,0,0,0,0
2017-11-14,0,0,0,0,0,0,0,0,0,0,0,0,0,0,0,0,0,0,0,0,0,0,0,0,0,0,0,0,0
2017-11-15,0,0,0,0,0,0,0,0,0,0,0,0,0,0,0,0,0,0,0,0,0,0,0,0,0,0,0,0,0
2017-11-16,0,0,0,0,0,0,0,0,0,0,0,0,0,0,0,0,0,0,0,0,0,0,0,0,0,0,0,0,0
2017-11-17,0,0,0,0,0,0,0,0,0,0,0,0,0,0,0,0,0,0,0,0,0,0,0,0,0,0,0,0,0
2017-11-20,0,0,0,0,0,0,0,0,0,0,0,0,0,0,0,0,0,0,0,0,0,0,0,0,0,0,0,0,0
2017-11-21,0,0,0,0,0,0,0,0,0,0,0,0,0,0,0,0,0,0,0,0,0,0,0,0,0,0,0,0,0
2017-11-22,0,0,0,0,0,0,0,0,0,0,0,0,0,0,0,0,0,0,0,0,0,0,0,0,0,0,0,0,0
2017-11-24,0,0,0,0,0,0,0,0,0,0,0,0,0,0,0,0,0,0,0,0,0,0,0,0,0,0,0,0,0
2017-11-27,0,0,0,0,0,0,0,0,0,0,0,0,0,0,0,0,0,0,0,0,0,0,0,0,0,0,0,0,0
2017-11-28,0,0,0,0,0,0,0,0,0,0,0,0,0,0,0,0,0,0,0,0,0,0,0,0,0,0,0,0,0
2017-11-29,0,0,0,0,0,0,0,0,0,0,0,0,0,0,0,0,0,0,0,0,0,0,0,0,0,0,0,0,0
2017-11-30,0,0,0,0,0,0,0,0,0,0,0,0,0,0,0,0,0,0,0,0,0,0,0,0,0,0,0,0,0
2017-12-01,0,0,0,0,0,0,0,0,0,0,0,0,0,0,0,0,0,0,0,0,0,0,0,0,0,0,0,0,0
2017-12-04,0,0,0,0,0,0,0,0,0,0,0,0,0,0,0,0,0,0,0,0,0,0,0,0,0,0,0,0,0
2017-12-05,0,0,0,0,0,0,0,0,0,0,0,0,0,0,0,0,0,0,0,0,0,0,0,0,0,0,0,0,0
2017-12-06,0,0,0,0,0,0,0,0,0,0,0,0,0,0,0,0,0,0,0,0,0,0,0,0,0,0,0,0,0
2017-12-07,0,0,0,0,0,0,0,0,0,0,0,0,0,0,0,0,0,0,0,0,0,0,0,0,0,0,0,0,0
2017-12-08,0,0,0,0,0,0,0,0,0,0,0,0,0,0,0,0,0,0,0,0,0,0,0,0,0,0,0,0,0
2017-12-11,0,0,0,0,0,0,0,0,0,0,0,0,0,0,0,0,0,0,0,0,0,0,0,0,0,0,0,0,0
2017-12-12,0,0,0,0,0,0,0,0,0,0,0,0,0,0,0,0,0,0,0,0,0,0,0,0,0,0,0,0,0
2017-12-13,0,0,0,0,0,0,0,0,0,0,0,0,0,0,0,0,0,0,0,0,0,0,0,0,0,0,0,0,0
2017-12-14,0,0,0,0,0,0,0,0,0,0,0,0,0,0,0,0,0,0,0,0,0,0,0,0,0,0,0,0,0
2017-12-15,0,0,0,0,0,0,0,0,0,0,0,0,0,0,0,0,0,0,0,0,0,0,0,0,0,0,0,0,0
2017-12-18,0,0,0,0,0,0,0,0,0,0,0,0,0,0,0,0,0,0,0,0,0,0,0,0,0,0,0,0,0
2017-12-19,0,0,0,0,0,0,0,0,0,0,0,0,0,0,0,0,0,0,0,0,0,0,0,0,0,0,0,0,0
2017-12-20,0,0,0,0,0,0,0,0,0,0,0,0,0,0,0,0,0,0,0,0,0,0,0,0,0,0,0,0,0
2017-12-21,0,0,0,0,0,0,0,0,0,0,0,0,0,0,0,0,0,0,0,0,0,0,0,0,0,0,0,0,0
2017-12-22,0,0,0,0,0,0,0,0,0,0,0,0,0,0,0,0,0,0,0,0,0,0,0,0,0,0,0,0,0
2017-12-26,0,0,0,0,0,0,0,0,0,0,0,0,0,0,0,0,0,0,0,0,0,0,0,0,0,0,0,0,0
2017-12-27,0,0,0,0,0,0,0,0,0,0,0,0,0,0,0,0,0,0,0,0,0,0,0,0,0,0,0,0,0
2017-12-28,0,0,0,0,0,0,0,0,0,0,0,0,0,0,0,0,0,0,0,0,0,0,0,0,0,0,0,0,0
2017-12-29,0,0,0,0,0,0,0,0,0,0,0,0,0,0,0,0,0,0,0,0,0,0,0,0,0,0,0,0,0
2018-01-03,-100,0,-100,-100,100,0,100,-100,0,0,0,100,-100,-13,100,100,0,100,-68,100,100,100,0,100,-100,-100,100,0,0
2018-01-04,-100,0,-100,-100,100,0,100,-100,0,0,0,100,-100,0,100,100,0,100,0,100,100,100,0,100,-100,-100,100,0,0
2018-01-05,-100,0,-100,-100,100,0,100,-100,0,0,0,69,-100,0,100,100,0,100,0,100,100,100,0,100,-100,-100,100,0,0
2018-01-08,-100,0,-100,-100,100,0,100,-100,0,0,0,57,-100,0,100,100,0,100,0,100,100,100,0,100,-100,-100,100,0,0
2018-01-09,0,0,0,0,0,0,0,0,0,0,0,0,0,0,0,0,0,0,0,0,0,0,0,0,0,0,0,0,0
2018-01-10,-100,0,-100,-100,100,0,100,-100,0,0,0,62,-100,0,100,100,0,100,0,100,100,100,0,100,-100,-100,100,0,0
2018-01-11,-100,0,-100,-100,100,0,100,-85,0,0,0,55,-100,0,100,100,0,100,0,100,100,100,0,100,-100,-100,100,0,0
2018-01-12,-100,0,-100,-100,100,0,100,0,0,0,0,0,-41,0,100,100,0,100,0,100,100,100,0,64,-100,-100,2,0,0
2018-01-16,0,0,0,0,0,0,0,0,0,0,0,0,0,0,0,0,0,0,0,0,0,0,0,0,0,0,0,0,0
2018-01-17,-100,0,-100,-100,79,0,100,0,0,0,0,0,0,0,100,100,0,100,0,0,1,100,0,0,-3,-100,0,0,0
2018-01-18,-100,0,-100,-100,68,0,100,0,0,0,0,0,0,0,100,100,0,100,0,1,0,100,0,0,0,-100,0,0,0
2018-01-19,-100,0,-100,-100,0,0,100,0,0,0,0,0,0,0,100,100,0,95,0,0,1,100,0,0,0,-16,0,0,0
2018-01-22,-100,0,-100,-100,0,0,100,0,0,0,0,0,0,0,100,100,0,82,0,0,1,100,0,0,0,0,0,0,0
2018-01-23,0,0,0,0,0,0,0,0,0,0,0,0,0,0,0,0,0,0,0,0,0,0,0,0,0,0,0,0,0
2018-01-24,-100,0,-100,-100,0,0,100,0,0,0,0,0,0,0,100,100,0,82,0,0,0,100,0,0,0,0,0,0,0
2018-01-25,-100,0,-100,-100,0,0,100,0,0,0,0,0,0,0,100,100,0,86,0,1,0,100,0,0,0,0,0,0,0
2018-01-26,-48,0,-97,-60,0,0,100,0,0,0,0,0,0,0,100,77,0,0,0,0,0,100,0,0,0,0,0,0,0
2018-01-29,0,0,0,0,0,0,1,0,0,0,0,0,0,0,0,0,0,0,0,0,0,0,0,0,0,0,0,0,0
2018-01-30,0,0,0,0,0,0,0,0,0,0,0,0,0,0,0,0,0,0,0,0,0,0,0,0,0,0,0,0,0
2018-01-31,0,0,0,0,0,0,0,0,0,0,0,0,0,0,0,0,0,0,0,0,0,0,0,0,0,0,0,0,0
2018-02-01,0,0,0,0,0,0,0,0,0,0,0,0,0,0,0,0,0,0,0,0,0,0,0,0,0,0,0,0,0
2018-02-02,0,0,0,0,0,0,0,0,0,0,0,0,0,0,0,0,0,0,0,0,0,0,0,0,0,0,0,0,0
2018-02-05,0,0,0,0,0,0,0,0,0,0,0,0,0,0,0,0,0,0,0,0,0,0,0,0,0,0,0,0,0
2018-02-06,0,0,0,0,0,0,0,0,0,0,0,0,0,0,0,0,0,0,0,0,0,0,0,0,0,0,0,0,0
2018-02-07,0,0,0,0,0,0,0,0,0,0,0,0,0,0,0,0,0,0,0,0,0,0,0,0,0,0,0,0,0
2018-02-08,0,0,0,0,0,0,0,0,0,0,0,0,0,0,0,0,0,0,0,0,0,0,0,0,0,0,0,0,0
2018-02-09,0,0,0,0,0,0,0,0,0,0,0,0,0,0,0,0,0,0,0,0,0,0,0,0,0,0,0,0,0
2018-02-12,0,0,0,0,0,0,0,0,0,0,0,0,0,0,0,0,0,0,0,0,0,0,0,0,0,0,0,0,0
2018-02-13,0,0,0,0,0,0,0,0,0,0,0,0,0,0,0,0,0,0,0,0,0,0,0,0,0,0,0,0,0
2018-02-14,0,0,0,0,0,0,0,0,0,0,0,0,0,0,0,0,0,0,0,0,0,0,0,0,0,0,0,0,0
2018-02-15,0,0,0,0,0,0,0,0,0,0,0,0,0,0,0,0,0,0,0,0,0,0,0,0,0,0,0,0,0
2018-02-16,0,0,0,0,0,0,0,0,0,0,0,0,0,0,0,0,0,0,0,0,0,0,0,0,0,0,0,0,0
2018-02-20,0,0,0,0,0,0,0,0,0,0,0,0,0,0,0,0,0,0,0,0,0,0,0,0,0,0,0,0,0
2018-02-21,0,0,0,0,0,0,0,0,0,0,0,0,0,0,0,0,0,0,0,0,0,0,0,0,0,0,0,0,0
2018-02-22,0,0,0,0,0,0,0,0,0,0,0,0,0,0,0,0,0,0,0,0,0,0,0,0,0,0,0,0,0
2018-02-23,0,0,0,0,0,0,0,0,0,0,0,0,0,0,0,0,0,0,0,0,0,0,0,0,0,0,0,0,0
2018-02-26,0,0,0,0,0,0,0,0,0,0,0,0,0,0,0,0,0,0,0,0,0,0,0,0,0,0,0,0,0
2018-02-27,0,0,0,0,0,0,0,0,0,0,0,0,0,0,0,0,0,0,0,0,0,0,0,0,0,0,0,0,0
2018-02-28,0,0,0,0,0,0,0,0,0,0,0,0,0,0,0,0,0,0,0,0,0,0,0,0,0,0,0,0,0
2018-03-01,0,0,0,0,0,0,0,0,0,0,0,0,0,0,0,0,0,0,0,0,0,0,0,0,0,0,0,0,0
2018-03-02,0,0,0,0,0,0,0,0,0,0,0,0,0,0,0,0,0,0,0,0,0,0,0,0,0,0,0,0,0
2018-03-05,0,0,0,0,0,0,0,0,0,0,0,0,0,0,0,0,0,0,0,0,0,0,0,0,0,0,0,0,0
2018-03-06,0,0,0,0,0,0,0,0,0,0,0,0,0,0,0,0,0,0,0,0,0,0,0,0,0,0,0,0,0
2018-03-07,0,0,0,0,0,0,0,0,0,0,0,0,0,0,0,0,0,0,0,0,0,0,0,0,0,0,0,0,0
2018-03-08,0,0,0,0,0,0,0,0,0,0,0,0,0,0,0,0,0,0,0,0,0,0,0,0,0,0,0,0,0
2018-03-09,0,0,0,0,0,0,0,0,0,0,0,0,0,0,0,0,0,0,0,0,0,0,0,0,0,0,0,0,0
2018-03-12,0,0,0,0,0,0,0,0,0,0,0,0,0,0,0,0,0,0,0,0,0,0,0,0,0,0,0,0,0
2018-03-13,0,0,0,0,0,0,0,0,0,0,0,0,0,0,0,0,0,0,0,0,0,0,0,0,0,0,0,0,0
2018-03-14,0,0,0,0,0,0,0,0,0,0,0,0,0,0,0,0,0,0,0,0,0,0,0,0,0,0,0,0,0
2018-03-15,0,0,0,0,0,0,0,0,0,0,0,0,0,0,0,0,0,0,0,0,0,0,0,0,0,0,0,0,0
2018-03-16,0,0,0,0,0,0,0,0,0,0,0,0,0,0,0,0,0,0,0,0,0,0,0,0,0,0,0,0,0
2018-03-19,0,0,0,0,0,0,0,0,0,0,0,0,0,0,0,0,0,0,0,0,0,0,0,0,0,0,0,0,0
2018-03-20,0,0,0,0,0,0,0,0,0,0,0,0,0,0,0,0,0,0,0,0,0,0,0,0,0,0,0,0,0
2018-03-21,0,0,0,0,0,0,0,0,0,0,0,0,0,0,0,0,0,0,0,0,0,0,0,0,0,0,0,0,0
2018-03-22,0,0,0,0,0,0,0,0,0,0,0,0,0,0,0,0,0,0,0,0,0,0,0,0,0,0,0,0,0
2018-03-23,0,0,0,0,0,0,0,0,0,0,0,0,0,0,0,0,0,0,0,0,0,0,0,0,0,0,0,0,0
2018-03-26,0,0,0,0,0,0,0,0,0,0,0,0,0,0,0,0,0,0,0,0,0,0,0,0,0,0,0,0,0
2018-03-27,0,0,0,0,0,0,0,0,0,0,0,0,0,0,0,0,0,0,0,0,0,0,0,0,0,0,0,0,0
2018-03-28,0,0,0,0,0,0,0,0,0,0,0,0,0,0,0,0,0,0,0,0,0,0,0,0,0,0,0,0,0
2018-03-29,0,0,0,0,0,0,0,0,0,0,0,0,0,0,0,0,0,0,0,0,0,0,0,0,0,0,0,0,0
2018-04-02,0,0,0,0,0,0,0,0,0,0,0,0,0,0,0,0,0,0,0,0,0,0,0,0,0,0,0,0,0
2018-04-03,0,0,0,0,0,0,0,0,0,0,0,0,0,0,0,0,0,0,0,0,0,0,0,0,0,0,0,0,0
2018-04-05,100,0,0,0,-100,0,100,0,0,0,0,0,100,0,-100,100,100,-100,0,-100,90,100,0,0,0,0,-100,0,0
2018-04-06,100,0,0,0,-100,0,100,0,0,0,0,0,100,0,-100,100,100,-100,0,-100,91,100,0,0,0,0,-100,0,0
2018-04-09,100,0,0,0,-100,0,100,0,0,0,0,0,100,0,-100,100,100,-100,0,-100,91,100,0,0,0,0,-100,0,0
2018-04-10,0,0,0,0,0,0,0,0,0,0,0,0,0,0,0,0,0,0,0,0,0,0,0,0,0,0,0,0,0
2018-04-11,100,0,0,0,-100,0,100,0,0,0,0,0,100,0,-100,100,100,-100,0,-100,92,100,0,0,0,0,-100,0,0
2018-04-12,100,0,0,0,-100,0,100,0,0,0,0,0,100,0,-100,100,100,-100,0,-100,86,100,0,0,0,0,-100,0,0
2018-04-13,100,0,0,0,-100,0,100,0,0,0,0,0,100,0,-100,100,100,-100,0,-100,92,100,0,0,0,0,-100,0,0
2018-04-16,100,0,0,0,-100,0,100,0,0,0,0,0,100,0,-100,100,100,-100,0,-100,94,100,1,0,0,0,-100,0,0
2018-04-17,0,0,0,0,0,0,0,0,0,0,0,0,0,0,0,0,0,0,0,0,0,0,0,0,0,0,0,0,0
2018-04-18,100,0,0,0,-100,0,100,0,0,0,0,0,100,0,-100,100,100,-100,0,-2,48,100,0,0,0,0,-100,0,0
2018-04-19,100,0,0,0,-100,0,100,0,0,0,0,0,100,0,-100,100,100,-100,0,0,45,100,0,0,0,0,-100,0,0
2018-04-20,100,0,0,0,-100,0,100,0,0,0,0,0,100,0,-100,100,100,-100,0,0,47,100,0,0,0,0,-100,0,0
2018-04-23,100,0,0,0,-100,0,100,0,0,0,0,0,100,0,-100,100,100,-100,0,0,47,100,0,0,0,0,-100,0,0
2018-04-24,0,0,0,0,0,0,0,0,0,0,0,0,0,0,0,0,0,0,0,0,0,0,0,0,0,0,0,0,0
2018-04-25,100,0,0,0,-100,0,100,0,0,0,0,0,100,0,-100,100,100,-100,0,0,41,100,0,0,0,0,-100,0,0
2018-04-26,100,0,0,0,-100,0,0,0,0,0,0,0,100,0,-100,100,97,-45,0,0,0,100,0,0,0,0,-100,0,0
2018-04-27,100,0,0,0,-100,0,0,0,0,0,0,0,100,0,-100,70,1,0,0,0,0,100,0,0,0,0,-100,0,0
2018-04-30,100,0,0,0,-100,0,0,0,0,0,0,0,58,0,0,0,0,0,0,0,0,100,0,0,0,0,-100,0,0
2018-05-01,0,0,0,0,0,0,0,0,0,0,0,0,0,0,0,0,0,0,0,0,0,0,0,0,0,0,0,0,0
2018-05-02,100,0,0,0,-100,0,0,0,0,0,0,0,54,0,0,1,0,0,0,0,0,100,0,0,0,0,-100,0,0
2018-05-03,100,0,0,0,-100,0,0,0,0,0,0,0,56,0,0,0,0,0,0,0,0,100,0,0,0,0,-100,0,0
2018-05-04,100,0,0,0,-100,0,0,0,0,0,0,0,43,0,0,0,1,0,0,0,0,100,0,0,0,0,-66,0,0
2018-05-07,100,0,0,0,-100,0,0,0,0,0,0,0,21,0,0,0,0,0,0,0,0,100,0,0,0,0,0,0,0
2018-05-08,0,0,0,0,0,0,0,0,0,0,0,0,0,0,0,0,0,0,0,0,0,0,0,0,0,0,0,0,0
2018-05-09,100,0,0,0,-100,0,0,0,0,0,0,0,24,0,0,0,0,0,0,0,0,100,0,0,0,0,0,0,0
2018-05-10,100,0,0,0,-100,0,0,0,0,0,0,0,24,0,0,0,0,0,0,0,0,100,0,0,0,0,0,0,0
2018-05-11,100,0,0,0,-100,0,0,0,0,0,0,0,24,0,0,1,0,0,0,0,0,100,0,0,0,0,0,0,0
2018-05-14,100,0,0,0,-100,0,0,0,0,0,0,0,24,0,0,0,2,0,0,0,0,100,0,0,0,0,0,0,0
2018-05-15,0,0,0,0,0,0,0,0,0,0,0,0,0,0,0,0,0,0,0,0,0,0,0,0,0,0,0,0,0
2018-05-16,100,0,0,0,-100,0,0,0,0,0,0,0,21,0,0,0,1,0,0,0,0,100,0,0,0,0,0,0,0
2018-05-17,100,0,0,0,-100,0,0,0,0,0,0,0,21,0,0,0,2,0,0,0,0,100,0,0,0,0,0,0,0
2018-05-18,100,0,0,0,-100,0,0,0,0,0,0,0,23,0,0,0,1,0,0,0,0,100,0,0,0,0,0,0,0
2018-05-21,100,0,0,0,-100,0,0,0,0,0,0,0,25,0,0,0,1,0,0,0,0,100,0,0,0,0,0,0,0
2018-05-22,0,0,0,0,0,0,0,0,0,0,0,0,0,0,0,0,0,0,0,0,0,0,0,0,0,0,0,0,0
2018-05-23,100,0,0,0,-100,0,0,0,0,0,0,0,24,0,0,0,2,0,0,0,0,100,0,0,0,0,0,0,0
2018-05-24,100,0,0,0,-100,0,0,0,0,0,0,0,23,0,0,0,2,0,0,0,0,100,0,0,0,0,0,0,0
2018-05-25,100,0,0,0,-100,0,0,0,0,0,0,0,22,0,0,0,1,0,0,0,0,100,0,0,0,0,0,0,0
2018-05-29,0,0,0,0,0,0,0,0,0,0,0,0,0,0,0,0,0,0,0,0,0,0,0,0,0,0,0,0,0
2018-05-30,100,0,0,0,-100,0,0,0,0,0,0,0,22,0,0,0,1,0,0,0,0,100,0,0,0,0,0,0,0
2018-05-31,100,0,0,0,-100,0,0,0,0,0,0,0,20,0,0,0,0,0,0,0,0,100,0,0,0,0,0,0,0
2018-06-01,100,0,0,0,-100,0,0,0,0,0,0,0,19,0,0,0,2,0,0,0,0,100,0,0,0,0,0,0,0
2018-06-04,100,0,0,0,-100,0,0,0,0,0,0,0,17,0,0,0,1,0,0,0,0,100,0,0,0,0,0,0,0
2018-06-05,0,0,0,0,0,0,0,0,0,0,0,0,0,0,0,0,0,0,0,0,0,0,0,0,0,0,0,0,0
2018-06-06,100,0,0,0,-100,0,0,0,0,0,0,0,19,0,0,0,0,0,0,0,0,100,0,0,0,0,0,0,0
2018-06-07,6,0,0,0,-2,0,0,0,0,0,0,0,0,0,0,0,0,0,0,0,0,0,0,0,0,0,0,0,0
2018-06-08,0,0,0,0,0,0,0,0,0,0,0,0,0,0,0,0,0,0,0,0,0,0,0,0,0,0,0,0,0
2018-06-11,0,0,0,0,0,0,0,0,0,0,0,0,0,0,0,0,0,0,0,0,0,0,0,0,0,0,0,0,0
2018-06-12,0,0,0,0,0,0,0,0,0,0,0,0,0,0,0,0,0,0,0,0,0,0,0,0,0,0,0,0,0
2018-06-13,0,0,0,0,0,0,0,0,0,0,0,0,0,0,0,0,0,0,0,0,0,0,0,0,0,0,0,0,0
2018-06-14,0,0,0,0,0,0,0,0,0,0,0,0,0,0,0,0,0,0,0,0,0,0,0,0,0,0,0,0,0
2018-06-15,0,0,0,0,0,0,0,0,0,0,0,0,0,0,0,0,0,0,0,0,0,0,0,0,0,0,0,0,0
2018-06-18,0,0,0,0,0,0,0,0,0,0,0,0,0,0,0,0,0,0,0,0,0,0,0,0,0,0,0,0,0
2018-06-19,0,0,0,0,0,0,0,0,0,0,0,0,0,0,0,0,0,0,0,0,0,0,0,0,0,0,0,0,0
2018-06-20,0,0,0,0,0,0,0,0,0,0,0,0,0,0,0,0,0,0,0,0,0,0,0,0,0,0,0,0,0
2018-06-21,0,0,0,0,0,0,0,0,0,0,0,0,0,0,0,0,0,0,0,0,0,0,0,0,0,0,0,0,0
2018-06-22,0,0,0,0,0,0,0,0,0,0,0,0,0,0,0,0,0,0,0,0,0,0,0,0,0,0,0,0,0
2018-06-25,0,0,0,0,0,0,0,0,0,0,0,0,0,0,0,0,0,0,0,0,0,0,0,0,0,0,0,0,0
2018-06-26,0,0,0,0,0,0,0,0,0,0,0,0,0,0,0,0,0,0,0,0,0,0,0,0,0,0,0,0,0
2018-06-27,0,0,0,0,0,0,0,0,0,0,0,0,0,0,0,0,0,0,0,0,0,0,0,0,0,0,0,0,0
2018-06-28,0,0,0,0,0,0,0,0,0,0,0,0,0,0,0,0,0,0,0,0,0,0,0,0,0,0,0,0,0
2018-06-29,0,0,0,0,0,0,0,0,0,0,0,0,0,0,0,0,0,0,0,0,0,0,0,0,0,0,0,0,0
2018-07-02,0,0,0,0,0,0,0,0,0,0,0,0,0,0,0,0,0,0,0,0,0,0,0,0,0,0,0,0,0
2018-07-05,-100,0,0,0,0,46,-100,0,0,0,0,100,-100,0,0,-100,2,0,0,100,100,0,-1,-100,0,0,0,100,0
2018-07-06,-100,0,0,0,0,44,-100,0,0,0,0,100,-100,0,0,-100,3,0,0,100,100,0,0,-100,0,0,0,100,0
2018-07-09,-100,0,0,0,0,48,-100,0,0,0,0,100,-100,0,0,-100,0,0,0,100,100,0,0,-100,0,0,0,100,0
2018-07-10,0,0,0,0,0,0,0,0,0,0,0,0,0,0,0,0,0,0,0,0,0,0,0,0,0,0,0,0,0
2018-07-11,-100,0,0,0,0,47,-100,0,0,0,0,100,-100,0,0,-100,2,0,0,100,100,0,0,-100,0,0,0,100,0
2018-07-12,-100,0,0,0,0,45,-100,0,0,0,0,100,-100,0,0,-100,2,0,0,100,100,0,0,-100,0,0,0,100,0
2018-07-13,-100,0,0,0,0,43,-100,0,0,0,0,100,-100,0,0,-100,0,0,0,100,100,0,0,-100,0,0,0,100,0
2018-07-16,-100,0,0,0,0,19,-100,0,0,0,0,100,-100,0,0,-100,3,0,0,100,100,0,0,-64,0,0,0,100,0
2018-07-17,0,0,0,0,0,0,0,0,0,0,0,0,0,0,0,0,0,0,0,0,0,0,0,0,0,0,0,0,0
2018-07-18,-100,0,0,0,0,0,-100,0,0,0,0,100,-100,0,0,-100,1,0,0,100,100,0,0,0,0,0,0,12,0
2018-07-19,-100,0,0,0,0,0,-100,0,0,0,0,100,-100,0,0,-100,1,0,0,100,100,0,0,0,0,0,0,22,0
2018-07-20,-100,0,0,0,0,0,-100,0,0,0,0,100,-100,0,0,-100,0,0,0,100,100,0,0,0,0,0,0,7,0
2018-07-23,-100,0,0,0,0,0,-100,0,0,0,0,100,-100,0,0,-100,0,0,0,100,100,0,0,0,0,0,0,6,0
2018-07-24,0,0,0,0,0,0,0,0,0,0,0,0,0,0,0,0,0,0,0,0,0,0,0,0,0,0,0,0,0
2018-07-25,-100,0,0,0,0,0,-100,0,0,0,0,99,-100,0,0,-100,0,0,0,100,100,0,0,0,0,0,0,1,0
2018-07-26,-100,0,0,0,0,0,-100,0,0,0,0,100,-100,0,0,-100,0,0,0,100,100,0,0,0,0,0,0,0,0
2018-07-27,-100,0,0,0,0,0,-100,0,0,0,0,100,-100,0,0,-100,0,0,0,100,100,0,0,0,0,0,0,0,0
2018-07-30,-100,0,0,0,0,0,-100,0,0,0,0,100,-100,0,0,-100,1,0,0,100,100,0,0,0,0,0,0,6,0
2018-07-31,0,0,0,0,0,0,0,0,0,0,0,0,0,0,0,0,0,0,0,0,0,0,0,0,0,0,0,0,0
2018-08-01,-100,0,0,0,0,0,-100,0,0,0,0,100,-100,0,0,-100,0,0,0,100,100,0,0,0,0,0,0,4,0
2018-08-02,-100,0,0,0,0,0,-100,0,0,0,0,100,-100,0,0,-100,0,0,0,100,100,0,0,0,0,0,0,7,0
2018-08-03,-100,0,0,0,0,0,-100,0,0,0,0,100,-100,0,0,-100,0,0,0,100,100,0,0,0,0,0,0,16,0
2018-08-06,-100,0,0,0,0,0,-100,0,0,0,0,100,-100,0,0,-100,1,0,0,100,100,0,0,0,0,0,0,13,0
2018-08-07,0,0,0,0,0,0,0,0,0,0,0,0,0,0,0,0,0,0,0,0,0,0,0,0,0,0,0,0,0
2018-08-08,-100,0,0,0,0,0,-100,0,0,0,0,92,-84,0,0,-100,0,0,0,100,100,0,0,0,0,0,0,0,0
2018-08-09,-100,0,0,0,0,0,-100,0,0,0,0,23,0,0,0,-100,1,0,0,100,100,0,0,0,0,0,0,0,0
2018-08-10,-100,0,0,0,0,0,-100,0,0,0,0,22,0,0,0,-100,0,0,0,100,100,0,0,0,0,0,0,2,0
2018-08-13,-100,0,0,0,0,0,-100,0,0,0,0,22,0,0,0,-100,0,0,0,100,100,0,0,0,0,0,0,0,0
2018-08-14,0,0,0,0,0,0,0,0,0,0,0,0,0,0,0,0,0,0,0,0,0,0,0,0,0,0,0,0,0
2018-08-15,-100,0,0,0,0,0,-100,0,0,0,0,22,0,0,0,-100,0,0,0,100,100,0,0,0,0,0,0,0,0
2018-08-16,-100,0,0,0,0,0,-100,0,0,0,0,22,0,0,0,-100,0,0,0,100,100,0,0,0,0,0,0,2,0
2018-08-17,-100,0,0,0,0,0,-100,0,0,0,0,23,0,0,0,-100,0,0,0,100,100,0,0,0,0,0,0,2,0
2018-08-20,-100,0,0,0,0,0,-1,0,0,0,0,0,0,0,0,-100,0,0,0,100,92,0,0,0,0,0,0,0,0
2018-08-21,0,0,0,0,0,0,0,0,0,0,0,0,0,0,0,0,0,0,0,0,0,0,0,0,0,0,0,0,0
2018-08-22,-100,0,0,0,0,0,0,0,0,0,0,0,0,0,0,-49,1,0,0,100,42,0,0,0,0,0,0,0,0
2018-08-23,-100,0,0,0,0,0,0,0,0,0,0,0,0,0,0,0,0,0,0,90,0,0,0,0,0,0,0,0,0
2018-08-24,-100,0,0,0,0,0,0,0,0,0,0,0,0,0,0,0,1,0,0,90,0,0,0,0,0,0,0,0,0
2018-08-27,-100,0,0,0,0,0,0,0,0,0,0,0,0,0,0,0,0,0,0,91,0,0,0,0,0,0,0,0,0
2018-08-28,0,0,0,0,0,0,0,0,0,0,0,0,0,0,0,0,0,0,0,0,0,0,0,0,0,0,0,0,0
2018-08-29,-100,0,0,0,0,0,0,0,0,0,0,0,0,0,0,0,1,0,0,93,0,0,0,0,0,0,0,0,0
2018-08-30,-100,0,0,0,0,0,0,0,0,0,0,0,0,0,0,0,1,0,0,94,0,0,0,0,0,0,0,0,0
2018-08-31,-100,0,0,0,0,0,0,0,0,0,0,0,0,0,0,0,1,0,0,95,0,0,0,0,0,0,0,0,0
2018-09-04,0,0,0,0,0,0,0,0,0,0,0,0,0,0,0,0,0,0,0,0,0,0,0,0,0,0,0,0,0
2018-09-05,-100,0,0,0,0,0,0,0,0,0,0,0,0,0,0,0,0,0,0,95,0,0,0,0,0,0,0,0,0
2018-09-06,-6,0,0,0,0,0,0,0,0,0,0,0,0,0,0,0,0,0,0,6,0,0,0,0,0,0,0,0,0
2018-09-07,0,0,0,0,0,0,0,0,0,0,0,0,0,0,0,0,0,0,0,0,0,0,0,0,0,0,0,0,0
2018-09-10,0,0,0,0,0,0,0,0,0,0,0,0,0,0,0,0,0,0,0,0,0,0,0,0,0,0,0,0,0
2018-09-11,0,0,0,0,0,0,0,0,0,0,0,0,0,0,0,0,0,0,0,0,0,0,0,0,0,0,0,0,0
2018-09-12,0,0,0,0,0,0,0,0,0,0,0,0,0,0,0,0,0,0,0,0,0,0,0,0,0,0,0,0,0
2018-09-13,0,0,0,0,0,0,0,0,0,0,0,0,0,0,0,0,0,0,0,0,0,0,0,0,0,0,0,0,0
2018-09-14,0,0,0,0,0,0,0,0,0,0,0,0,0,0,0,0,0,0,0,0,0,0,0,0,0,0,0,0,0
2018-09-17,0,0,0,0,0,0,0,0,0,0,0,0,0,0,0,0,0,0,0,0,0,0,0,0,0,0,0,0,0
2018-09-18,0,0,0,0,0,0,0,0,0,0,0,0,0,0,0,0,0,0,0,0,0,0,0,0,0,0,0,0,0
2018-09-19,0,0,0,0,0,0,0,0,0,0,0,0,0,0,0,0,0,0,0,0,0,0,0,0,0,0,0,0,0
2018-09-20,0,0,0,0,0,0,0,0,0,0,0,0,0,0,0,0,0,0,0,0,0,0,0,0,0,0,0,0,0
2018-09-21,0,0,0,0,0,0,0,0,0,0,0,0,0,0,0,0,0,0,0,0,0,0,0,0,0,0,0,0,0
2018-09-24,0,0,0,0,0,0,0,0,0,0,0,0,0,0,0,0,0,0,0,0,0,0,0,0,0,0,0,0,0
2018-09-25,0,0,0,0,0,0,0,0,0,0,0,0,0,0,0,0,0,0,0,0,0,0,0,0,0,0,0,0,0
2018-09-26,0,0,0,0,0,0,0,0,0,0,0,0,0,0,0,0,0,0,0,0,0,0,0,0,0,0,0,0,0
2018-09-27,0,0,0,0,0,0,0,0,0,0,0,0,0,0,0,0,0,0,0,0,0,0,0,0,0,0,0,0,0
2018-09-28,0,0,0,0,0,0,0,0,0,0,0,0,0,0,0,0,0,0,0,0,0,0,0,0,0,0,0,0,0
2018-10-01,0,0,0,0,0,0,0,0,0,0,0,0,0,0,0,0,0,0,0,0,0,0,0,0,0,0,0,0,0
2018-10-03,0,0,0,0,0,-100,0,0,0,0,0,3,0,0,100,0,0,0,0,0,100,-100,0,0,0,0,0,0,0
2018-10-04,0,0,0,0,0,-100,0,0,0,0,0,0,0,0,100,0,1,0,0,0,100,-100,0,0,0,0,0,0,0
2018-10-05,0,0,0,0,0,-92,0,0,0,0,0,0,0,0,100,0,1,0,0,0,89,-100,0,0,0,0,0,0,0
2018-10-08,0,0,0,0,0,0,0,0,0,0,0,0,0,0,61,0,0,0,0,0,1,-100,0,0,0,0,0,0,0
2018-10-09,0,0,0,0,0,0,0,0,0,0,0,0,0,0,0,0,0,0,0,0,0,0,0,0,0,0,0,0,0
2018-10-10,0,0,0,0,0,0,0,0,0,0,0,0,0,0,58,0,0,0,0,0,0,-100,0,0,0,0,0,1,0
2018-10-11,0,0,0,0,0,0,0,0,0,0,0,0,0,0,60,0,0,0,0,0,0,-100,0,0,0,0,0,0,0
2018-10-12,0,0,0,0,0,0,0,0,0,0,0,0,0,0,61,0,0,0,0,0,0,-100,0,0,0,0,0,0,0
2018-10-15,0,0,0,0,0,0,0,0,0,0,0,0,0,0,60,0,0,0,0,0,0,-100,0,0,0,0,0,0,0
2018-10-16,0,0,0,0,0,0,0,0,0,0,0,0,0,0,0,0,0,0,0,0,0,0,0,0,0,0,0,0,0
2018-10-17,0,0,0,0,0,0,0,0,0,0,0,0,0,0,59,0,0,0,0,0,0,-100,0,0,0,0,0,0,0
2018-10-18,0,0,0,0,0,0,0,0,0,0,0,0,0,0,58,0,0,0,0,0,0,-100,0,0,0,0,0,1,0
2018-10-19,0,0,0,0,0,0,0,0,0,0,0,0,0,0,57,0,1,0,0,0,0,-100,0,0,0,0,0,0,0
2018-10-22,0,0,0,0,0,0,0,0,0,0,0,0,0,0,58,0,0,0,0,0,0,-100,0,0,0,0,0,0,0
2018-10-23,0,0,0,0,0,0,0,0,0,0,0,0,0,0,0,0,0,0,0,0,0,0,0,0,0,0,0,0,0
2018-10-24,0,0,0,0,0,0,0,0,0,0,0,0,0,0,56,0,0,0,0,0,0,-100,0,0,0,0,0,1,0
2018-10-25,0,0,0,0,0,0,0,0,0,0,0,0,0,0,56,0,0,0,0,0,1,-100,0,0,0,0,0,0,0
2018-10-26,0,0,0,0,0,0,0,0,0,0,0,0,0,0,56,0,0,0,0,0,0,-100,0,0,0,0,0,1,0
2018-10-29,0,0,0,0,0,0,0,0,0,0,0,0,0,0,56,0,0,0,0,0,0,-100,0,0,0,0,0,1,0
2018-10-30,0,0,0,0,0,0,0,0,0,0,0,0,0,0,0,0,0,0,0,0,0,0,0,0,0,0,0,0,0
2018-10-31,0,0,0,0,0,0,0,0,0,0,0,0,0,0,57,0,0,0,0,0,0,-100,0,0,0,0,0,1,0
2018-11-01,0,0,0,0,0,0,0,0,0,0,0,0,0,0,58,0,0,0,0,0,1,-100,0,0,0,0,0,0,0
2018-11-02,0,0,0,0,0,0,0,0,0,0,0,0,0,0,58,0,0,0,0,0,0,-100,0,0,0,0,0,1,0
2018-11-05,0,0,0,0,0,0,0,0,0,0,0,0,0,0,58,0,0,0,0,0,0,-100,0,0,0,0,0,1,0
2018-11-06,0,0,0,0,0,0,0,0,0,0,0,0,0,0,0,0,0,0,0,0,0,0,0,0,0,0,0,0,0
2018-11-07,0,0,0,0,0,0,0,0,0,0,0,0,0,0,58,0,0,0,0,0,0,-100,0,0,0,0,0,0,0
2018-11-08,0,0,0,0,0,0,0,0,0,0,0,0,0,0,57,0,0,0,0,0,0,-100,0,0,0,0,0,1,0
2018-11-09,0,0,0,0,0,0,0,0,0,0,0,0,0,0,56,0,0,0,0,0,0,-100,0,0,0,0,0,1,0
2018-11-12,0,0,0,0,0,0,0,0,0,0,0,0,0,0,55,0,0,0,0,0,0,-100,0,0,0,0,0,1,0
2018-11-13,0,0,0,0,0,0,0,0,0,0,0,0,0,0,0,0,0,0,0,0,0,0,0,0,0,0,0,0,0
2018-11-14,0,0,0,0,0,0,0,0,0,0,0,0,0,0,56,0,0,0,0,0,0,-100,0,0,0,0,0,0,0
2018-11-15,0,0,0,0,0,0,0,0,0,0,0,0,0,0,55,0,1,0,0,0,0,-100,0,0,0,0,0,0,0
2018-11-16,0,0,0,0,0,0,0,0,0,0,0,0,0,0,55,0,0,0,0,0,0,-100,0,0,0,0,0,0,0
2018-11-19,0,0,0,0,0,0,0,0,0,0,0,0,0,0,52,0,0,0,0,0,1,-100,0,0,0,0,0,0,0
2018-11-20,0,0,0,0,0,0,0,0,0,0,0,0,0,0,0,0,0,0,0,0,0,0,0,0,0,0,0,0,0
2018-11-21,0,0,0,0,0,0,0,0,0,0,0,0,0,0,55,0,0,0,0,0,0,-100,0,0,0,0,0,0,0
2018-11-23,0,0,0,0,0,0,0,0,0,0,0,0,0,0,54,0,0,0,0,0,0,-100,0,0,0,0,0,0,0
2018-11-26,0,0,0,0,0,0,0,0,0,0,0,0,0,0,55,0,0,0,0,0,0,-100,0,0,0,0,0,0,0
2018-11-27,0,0,0,0,0,0,0,0,0,0,0,0,0,0,0,0,0,0,0,0,0,0,0,0,0,0,0,0,0
2018-11-28,0,0,0,0,0,0,0,0,0,0,0,0,0,0,54,0,0,0,0,0,0,-100,0,0,0,0,0,1,0
2018-11-29,0,0,0,0,0,0,0,0,0,0,0,0,0,0,54,0,1,0,0,0,0,-100,0,0,0,0,0,0,0
2018-11-30,0,0,0,0,0,0,0,0,0,0,0,0,0,0,55,0,0,0,0,0,0,-100,0,0,0,0,0,0,0
2018-12-03,0,0,0,0,0,0,0,0,0,0,0,0,0,0,57,0,0,0,0,0,0,-100,0,0,0,0,0,0,0
2018-12-04,0,0,0,0,0,0,0,0,0,0,0,0,0,0,0,0,0,0,0,0,0,0,0,0,0,0,0,0,0
2018-12-06,0,0,0,0,0,0,0,0,0,0,0,0,0,0,55,0,0,0,0,0,0,-100,0,0,0,0,0,1,0
2018-12-07,0,0,0,0,0,0,0,0,0,0,0,0,0,0,54,0,0,0,0,0,0,-100,0,0,0,0,0,0,0
2018-12-10,0,0,0,0,0,0,0,0,0,0,0,0,0,0,53,0,0,0,0,0,0,-100,0,0,0,0,0,1,0
2018-12-11,0,0,0,0,0,0,0,0,0,0,0,0,0,0,0,0,0,0,0,0,0,0,0,0,0,0,0,0,0
2018-12-12,0,0,0,0,0,0,0,0,0,0,0,0,0,0,54,0,1,0,0,0,0,-100,0,0,0,0,0,0,0
2018-12-13,0,0,0,0,0,0,0,0,0,0,0,0,0,0,52,0,0,0,0,0,1,-100,0,0,0,0,0,0,0
2018-12-14,0,0,0,0,0,0,0,0,0,0,0,0,0,0,58,0,0,0,0,0,0,-100,0,0,0,0,0,1,0
2018-12-17,0,0,0,0,0,0,0,0,0,0,0,0,0,0,58,0,0,0,0,0,0,-100,0,0,0,0,0,0,0
2018-12-18,0,0,0,0,0,0,0,0,0,0,0,0,0,0,0,0,0,0,0,0,0,0,0,0,0,0,0,0,0
2018-12-19,0,0,0,0,0,0,0,0,0,0,0,0,0,0,57,0,0,0,0,0,1,-100,0,0,0,0,0,0,0
2018-12-20,0,0,0,0,0,0,0,0,0,0,0,0,0,0,56,0,0,0,0,0,0,-100,0,0,0,0,0,1,0
2018-12-21,0,0,0,0,0,0,0,0,0,0,0,0,0,0,60,0,0,0,0,0,0,-100,0,0,0,0,0,1,0
2018-12-24,0,0,0,0,0,0,0,0,0,0,0,0,0,0,59,0,0,0,0,0,0,-100,0,0,0,0,0,1,0
2018-12-26,0,0,0,0,0,0,0,0,0,0,0,0,1,0,61,0,0,0,0,0,0,-100,0,0,0,0,0,0,0
2018-12-27,0,0,0,0,0,0,0,0,0,0,0,0,0,0,62,0,0,0,0,0,0,-100,0,0,0,0,0,0,0
2018-12-28,0,0,0,0,0,0,0,0,0,0,0,0,0,0,61,0,0,0,0,1,0,-100,0,0,0,0,0,0,0
2018-12-31,0,0,0,0,0,0,0,0,0,0,0,0,0,0,0,0,0,0,0,0,0,0,0,0,0,0,0,0,0
2019-01-02,0,0,0,0,0,0,0,0,0,0,0,0,0,0,0,0,0,0,0,0,0,0,0,0,0,0,0,0,0
2019-01-04,0,100,63,0,0,0,2,0,0,0,0,-100,0,0,-100,0,100,0,0,-100,0,0,0,0,0,0,0,-100,100
2019-01-07,0,100,59,0,0,0,1,0,0,0,0,-100,0,0,-100,0,100,0,0,-100,0,0,0,0,0,0,0,-100,100
2019-01-08,0,0,0,0,0,0,0,0,0,0,0,0,0,0,0,0,0,0,0,0,0,0,0,0,0,0,0,0,0
2019-01-09,0,100,61,0,0,0,1,0,0,0,0,-100,0,0,-100,0,100,0,0,-100,0,0,0,0,0,0,0,-100,100
2019-01-10,0,100,61,0,0,0,0,0,0,0,0,-100,0,0,-100,0,100,0,0,-100,0,0,0,0,0,0,0,-100,100
2019-01-11,0,100,62,0,0,0,0,0,0,0,0,-100,0,0,-100,0,100,0,0,-100,0,0,0,0,0,0,0,-100,100
2019-01-14,0,100,62,0,0,0,1,0,0,0,0,-100,0,0,-100,0,100,0,0,-100,0,0,0,0,0,0,0,-100,100
2019-01-15,0,0,0,0,0,0,0,0,0,0,0,0,0,0,0,0,0,0,0,0,0,0,0,0,0,0,0,0,0
2019-01-16,0,100,61,0,0,0,0,0,0,0,0,-100,0,0,-100,0,100,0,0,-100,0,0,0,0,0,0,0,-100,100
2019-01-17,0,100,61,0,0,0,1,0,0,0,0,-100,0,0,-100,0,100,0,0,-100,0,0,0,0,0,0,0,-100,100
2019-01-18,0,100,9,0,0,0,0,0,0,0,0,-100,0,0,-100,0,100,0,0,-100,0,0,0,0,0,0,0,-18,100
2019-01-22,0,0,0,0,0,0,0,0,0,0,0,0,0,0,0,0,0,0,0,0,0,0,0,0,0,0,0,0,0
2019-01-23,0,28,0,0,0,0,1,0,0,0,0,-100,0,0,-100,0,0,0,100,-100,0,0,0,0,0,0,0,0,100
2019-01-24,0,26,1,0,0,0,1,0,0,0,0,-100,0,0,-100,0,0,0,100,-100,0,0,0,0,0,0,0,0,100
2019-01-25,0,99,0,0,0,0,0,0,0,0,0,-100,0,0,-100,0,100,0,0,-100,0,0,0,0,0,0,0,0,100
2019-01-28,0,100,4,0,0,0,0,0,0,0,0,-100,0,0,-100,0,100,0,0,-100,0,0,0,0,0,0,0,0,100
2019-01-29,0,0,0,0,0,0,0,0,0,0,0,0,0,0,0,0,0,0,0,0,0,0,0,0,0,0,0,0,0
2019-01-30,0,100,17,0,0,0,0,0,0,0,0,-100,0,0,-100,0,100,0,0,-100,0,0,0,0,0,0,0,0,100
2019-01-31,0,100,15,0,0,0,0,0,0,0,0,-99,0,0,-100,0,100,0,0,-100,0,0,0,0,0,0,0,0,100
2019-02-01,0,100,20,0,0,0,1,0,0,0,0,-99,0,0,-100,0,100,0,0,-100,0,0,0,0,0,0,0,0,100
2019-02-04,0,100,22,0,0,0,0,0,0,0,0,-99,0,0,-100,0,100,0,0,-100,0,0,0,0,0,0,0,0,100
2019-02-05,0,0,0,0,0,0,0,0,0,0,0,0,0,0,0,0,0,0,0,0,0,0,0,0,0,0,0,0,0
2019-02-06,0,100,18,0,0,0,0,0,0,0,0,-99,0,0,-100,0,100,0,0,-100,0,0,0,0,0,0,0,0,100
2019-02-07,0,100,20,0,0,0,1,0,0,0,0,-99,0,0,-100,0,100,0,0,-100,0,0,0,0,0,0,0,0,100
2019-02-08,0,100,14,0,0,0,2,0,0,0,0,-94,0,0,-100,0,100,0,0,-100,0,0,0,0,0,0,0,0,100
2019-02-11,0,72,0,0,0,0,2,0,0,0,0,-52,0,0,-100,0,100,0,0,-99,0,0,0,0,0,0,0,0,100
2019-02-12,0,0,0,0,0,0,0,0,0,0,0,0,0,0,0,0,0,0,0,0,0,0,0,0,0,0,0,0,0
2019-02-13,0,39,0,0,0,0,1,0,0,0,0,-11,0,0,-100,0,100,0,0,-99,0,0,0,0,0,0,0,0,100
2019-02-14,0,84,1,0,0,0,0,0,0,0,0,-63,0,0,-100,0,100,0,0,-99,0,0,0,0,0,0,0,0,100
2019-02-15,0,87,0,0,0,0,1,0,0,0,0,-65,0,0,-100,0,100,0,0,-99,0,0,0,0,0,0,0,0,100
2019-02-19,0,0,0,0,0,0,0,0,0,0,0,0,0,0,0,0,0,0,0,0,0,0,0,0,0,0,0,0,0
2019-02-20,0,39,0,0,0,0,0,0,0,0,0,-50,0,0,-100,0,100,0,0,-8,0,0,0,0,0,0,0,0,100
2019-02-21,0,17,0,0,0,0,0,0,0,0,0,-29,0,0,-100,0,100,0,0,0,0,0,0,0,0,0,0,0,100
2019-02-22,0,56,0,0,0,0,0,0,0,0,0,-74,0,0,-100,0,100,0,0,0,0,0,0,0,0,0,0,0,100
2019-02-25,0,65,1,0,0,0,1,0,0,0,0,-85,0,0,-100,0,100,0,0,0,0,0,0,0,0,0,0,0,100
2019-02-26,0,0,0,0,0,0,0,0,0,0,0,0,0,0,0,0,0,0,0,0,0,0,0,0,0,0,0,0,0
2019-02-27,0,73,0,0,0,0,1,0,0,0,0,-94,0,0,-100,0,100,0,0,0,0,0,0,0,0,0,0,0,100
2019-02-28,0,14,0,0,0,0,0,0,0,0,0,-97,0,0,-15,0,100,0,0,0,0,0,0,0,0,0,0,0,100
2019-03-01,0,6,0,0,0,0,0,0,0,0,0,-99,0,0,0,0,100,0,0,0,0,0,0,0,0,0,0,0,100
2019-03-04,0,0,0,0,0,0,0,0,0,0,0,-46,0,0,0,0,1,0,0,0,0,0,0,0,0,0,0,0,71
2019-03-05,0,0,0,0,0,0,0,0,0,0,0,0,0,0,0,0,0,0,0,0,0,0,0,0,0,0,0,0,0
2019-03-06,0,0,0,0,0,0,0,0,0,0,0,0,0,0,0,0,0,0,0,0,0,0,0,0,0,0,0,0,0
2019-03-07,0,0,0,0,0,0,0,0,0,0,0,0,0,0,0,0,0,0,0,0,0,0,0,0,0,0,0,0,0
2019-03-08,0,0,0,0,0,0,0,0,0,0,0,0,0,0,0,0,0,0,0,0,0,0,0,0,0,0,0,0,0
2019-03-11,0,0,0,0,0,0,0,0,0,0,0,0,0,0,0,0,0,0,0,0,0,0,0,0,0,0,0,0,0
2019-03-12,0,0,0,0,0,0,0,0,0,0,0,0,0,0,0,0,0,0,0,0,0,0,0,0,0,0,0,0,0
2019-03-13,0,0,0,0,0,0,0,0,0,0,0,0,0,0,0,0,0,0,0,0,0,0,0,0,0,0,0,0,0
2019-03-14,0,0,0,0,0,0,0,0,0,0,0,0,0,0,0,0,0,0,0,0,0,0,0,0,0,0,0,0,0
2019-03-15,0,0,0,0,0,0,0,0,0,0,0,0,0,0,0,0,0,0,0,0,0,0,0,0,0,0,0,0,0
2019-03-18,0,0,0,0,0,0,0,0,0,0,0,0,0,0,0,0,0,0,0,0,0,0,0,0,0,0,0,0,0
2019-03-19,0,0,0,0,0,0,0,0,0,0,0,0,0,0,0,0,0,0,0,0,0,0,0,0,0,0,0,0,0
2019-03-20,0,0,0,0,0,0,0,0,0,0,0,0,0,0,0,0,0,0,0,0,0,0,0,0,0,0,0,0,0
2019-03-21,0,0,0,0,0,0,0,0,0,0,0,0,0,0,0,0,0,0,0,0,0,0,0,0,0,0,0,0,0
2019-03-22,0,0,0,0,0,0,0,0,0,0,0,0,0,0,0,0,0,0,0,0,0,0,0,0,0,0,0,0,0
2019-03-25,0,0,0,0,0,0,0,0,0,0,0,0,0,0,0,0,0,0,0,0,0,0,0,0,0,0,0,0,0
2019-03-26,0,0,0,0,0,0,0,0,0,0,0,0,0,0,0,0,0,0,0,0,0,0,0,0,0,0,0,0,0
2019-03-27,0,0,0,0,0,0,0,0,0,0,0,0,0,0,0,0,0,0,0,0,0,0,0,0,0,0,0,0,0
2019-03-28,0,0,0,0,0,0,0,0,0,0,0,0,0,0,0,0,0,0,0,0,0,0,0,0,0,0,0,0,0
2019-03-29,0,0,0,0,0,0,0,0,0,0,0,0,0,0,0,0,0,0,0,0,0,0,0,0,0,0,0,0,0
2019-04-01,0,0,0,0,0,0,0,0,0,0,0,0,0,0,0,0,0,0,0,0,0,0,0,0,0,0,0,0,0
2019-04-02,0,0,0,0,0,0,0,0,0,0,0,0,0,0,0,0,0,0,0,0,0,0,0,0,0,0,0,0,0
2019-04-03,0,0,0,0,0,0,0,0,0,0,0,0,0,0,0,0,0,0,0,0,0,0,0,0,0,0,0,0,0
2019-04-05,99,0,-95,0,0,78,1,0,0,0,0,0,-1,0,0,99,-99,0,0,-97,-89,0,0,0,0,0,0,100,0
2019-04-08,0,0,-96,0,0,0,0,1,0,0,99,0,0,0,0,99,-99,0,47,-99,-96,0,0,0,0,0,0,99,-98
2019-04-09,0,0,0,0,0,0,0,0,0,0,0,0,0,0,0,0,0,0,0,0,0,0,0,0,0,0,0,0,0
2019-04-10,0,0,-97,0,0,0,0,0,0,0,0,0,0,0,99,99,-99,0,0,-97,-99,0,0,0,86,0,0,3,-99
2019-04-11,0,99,-89,0,0,0,0,0,0,0,0,0,0,0,99,0,-99,0,0,-90,-99,0,0,0,51,0,0,0,-99
2019-04-12,-86,1,-95,0,0,0,0,99,0,0,99,0,0,0,99,1,-99,0,0,-89,-99,0,0,0,0,0,0,99,-99
2019-04-15,-13,0,-98,0,0,0,0,0,0,30,0,0,0,0,99,0,-99,0,99,0,-99,0,0,0,0,0,0,1,-100
2019-04-16,0,0,0,0,0,0,0,0,0,0,0,0,0,0,0,0,0,0,0,0,0,0,0,0,0,0,0,0,0
2019-04-17,0,0,-62,0,0,0,42,0,0,0,0,0,0,0,99,-42,-99,0,99,-23,-99,0,0,0,0,0,0,99,-100
2019-04-18,0,0,0,0,0,-25,99,0,0,0,99,0,0,0,99,-74,-99,0,22,-49,-99,0,0,0,0,0,0,1,-100
2019-04-22,0,0,0,0,0,-53,26,0,0,99,0,0,0,0,99,-99,-98,0,99,0,-99,0,0,0,-32,0,0,0,-100
2019-04-23,0,0,0,0,0,0,0,0,0,0,0,0,0,0,0,0,0,0,0,0,0,0,0,0,0,0,0,0,0
2019-04-24,0,0,0,0,0,0,99,-90,0,54,99,0,0,0,99,-83,-44,0,99,-43,-99,0,0,0,-79,0,0,-90,-100
2019-04-25,0,0,0,0,0,0,0,-10,0,0,99,0,0,0,99,0,0,0,12,0,-99,0,0,0,-26,0,0,-99,-100
2019-04-26,0,0,0,0,0,0,1,0,0,0,100,0,0,0,61,0,0,0,0,0,-99,0,0,0,0,0,0,-99,-100
2019-04-29,0,0,0,0,0,0,1,0,0,0,100,0,0,0,63,0,0,0,0,0,-99,0,0,0,0,0,0,-99,-100
2019-04-30,0,0,0,0,0,0,0,0,0,0,0,0,0,0,0,0,0,0,0,0,0,0,0,0,0,0,0,0,0
2019-05-01,0,0,0,0,0,0,1,0,0,100,19,0,0,0,0,0,1,0,0,0,-99,0,0,0,0,0,0,-15,-99
2019-05-02,0,0,0,0,0,0,0,0,0,100,13,0,0,0,0,0,0,0,0,0,-97,0,0,0,0,0,0,0,-99
2019-05-03,0,0,0,0,0,0,0,0,0,95,0,0,0,0,0,0,-37,0,0,0,-56,0,0,0,0,0,0,0,-99
2019-05-06,0,-39,0,0,0,0,0,0,0,0,98,0,0,0,1,0,-54,0,0,0,0,0,0,0,0,0,0,0,-99
2019-05-07,0,0,0,0,0,0,0,0,0,0,0,0,0,0,0,0,0,0,0,0,0,0,0,0,0,0,0,0,0
2019-05-08,0,-77,1,0,0,0,0,0,0,0,100,0,0,0,49,0,-69,0,0,0,0,0,0,0,0,0,0,0,-99
2019-05-09,0,-96,100,0,0,0,2,0,0,0,92,0,0,0,0,0,-72,0,0,0,-4,0,0,0,0,0,0,0,-99
2019-05-10,0,-98,100,0,0,0,100,0,0,0,94,0,0,0,0,0,-81,0,0,0,-39,0,0,0,0,0,0,0,-99
2019-05-13,0,-99,0,0,0,0,100,0,0,0,100,0,0,0,100,0,-95,0,33,0,-94,0,0,0,0,0,0,0,-99
2019-05-14,0,0,0,0,0,0,0,0,0,0,0,0,0,0,0,0,0,0,0,0,0,0,0,0,0,0,0,0,0
2019-05-15,0,-99,0,0,0,0,100,0,0,100,32,0,0,0,100,0,-98,0,0,0,-99,0,0,0,0,0,0,0,-99
2019-05-16,0,-99,100,0,0,0,100,0,0,0,68,0,0,0,100,0,-92,0,0,1,-99,0,0,0,0,0,0,0,-99
2019-05-17,0,-99,100,0,0,0,100,0,0,0,100,0,0,0,100,0,-81,18,-65,1,-99,0,0,0,0,0,0,0,-99
2019-05-20,0,-99,1,0,0,0,100,0,0,0,100,0,0,0,100,0,-34,52,-92,100,-99,0,0,0,0,0,0,0,-99
2019-05-21,0,0,0,0,0,0,0,0,0,0,0,0,0,0,0,0,0,0,0,0,0,0,0,0,0,0,0,0,0
2019-05-22,0,-99,100,0,0,0,100,0,0,0,100,0,0,0,100,0,-52,0,-97,100,-99,0,0,0,0,2,2,0,-99
2019-05-23,0,-99,0,0,0,0,100,0,0,0,100,0,0,0,100,0,-20,0,-99,100,-90,0,0,0,0,26,99,0,-99
2019-05-24,0,-99,0,0,0,0,100,0,0,0,70,0,0,0,100,0,-55,0,-99,100,-91,0,0,0,0,100,1,0,-99
2019-05-28,0,0,0,0,0,0,0,0,0,0,0,0,0,0,0,0,0,0,0,0,0,0,0,0,0,0,0,0,0
2019-05-29,0,-99,100,0,0,0,100,0,0,0,7,0,0,0,100,0,-83,0,-99,100,-81,0,0,0,0,100,2,0,-99
2019-05-30,0,-99,100,0,0,0,100,0,0,0,2,0,0,0,100,0,-84,0,-99,100,-73,0,0,0,0,100,0,0,-99
2019-05-31,0,-99,100,0,0,0,100,0,0,0,61,0,0,0,100,0,-96,-70,-60,100,-93,0,0,0,0,100,2,0,-99
2019-06-03,1,-91,0,0,0,0,100,0,0,0,2,0,0,0,100,0,-99,0,0,100,-98,0,0,0,0,100,0,0,-99
2019-06-04,0,0,0,0,0,0,0,0,0,0,0,0,0,0,0,0,0,0,0,0,0,0,0,0,0,0,0,0,0
2019-06-05,1,0,0,0,0,0,2,0,0,0,0,0,0,0,100,0,-95,0,0,100,-98,0,0,0,0,39,0,0,-95
2019-06-06,0,0,0,0,0,0,1,0,0,0,0,0,0,0,89,0,-38,0,0,0,-76,0,0,0,0,0,0,0,0
2019-06-07,0,0,0,0,0,0,0,0,0,0,0,0,0,0,0,0,0,0,0,29,-16,0,0,0,0,0,0,0,0
2019-06-10,0,0,0,0,0,0,1,0,0,0,0,0,0,0,0,0,0,0,0,34,-19,0,0,0,0,0,0,0,0
2019-06-11,0,0,0,0,0,0,0,0,0,0,0,0,0,0,0,0,0,0,0,0,0,0,0,0,0,0,0,0,0
2019-06-12,0,0,0,0,0,0,0,0,0,0,0,0,0,0,0,0,0,0,0,0,0,0,0,0,0,0,0,0,0
2019-06-13,0,0,0,0,0,0,0,0,0,0,0,0,0,0,0,0,0,0,0,0,0,0,0,0,0,0,0,0,0
2019-06-14,0,0,0,0,0,0,0,0,0,0,0,0,0,0,0,0,0,0,0,0,0,0,0,0,0,0,0,0,0
2019-06-17,0,0,0,0,0,0,0,0,0,0,0,0,0,0,0,0,0,0,0,0,0,0,0,0,0,0,0,0,0
2019-06-18,0,0,0,0,0,0,0,0,0,0,0,0,0,0,0,0,0,0,0,0,0,0,0,0,0,0,0,0,0
2019-06-19,0,0,0,0,0,0,1,0,0,0,0,0,0,0,0,0,0,0,0,1,-1,0,0,0,0,0,0,0,0
2019-06-20,0,0,0,0,0,0,0,0,0,0,0,0,0,0,0,0,0,0,0,7,-4,0,0,0,0,0,0,0,0
2019-06-21,0,0,0,0,0,0,1,0,0,0,0,0,0,0,0,0,0,0,0,16,-9,0,0,0,0,0,0,0,0
2019-06-24,0,0,0,0,0,0,0,0,0,0,0,0,0,1,0,0,0,0,0,5,-3,0,0,0,0,0,0,0,0
2019-06-25,0,0,0,0,0,0,0,0,0,0,0,0,0,0,0,0,0,0,0,0,0,0,0,0,0,0,0,0,0
2019-06-26,0,0,0,0,0,0,0,0,0,0,0,0,0,0,0,0,0,0,0,0,0,0,0,0,0,0,0,0,0
2019-06-27,0,0,0,0,0,0,0,0,0,0,0,0,0,0,0,0,0,0,0,0,0,0,0,0,0,0,0,0,0
2019-06-28,0,0,0,0,0,0,0,0,0,0,0,0,0,0,0,0,0,0,0,0,0,0,0,0,0,0,0,0,0
2019-07-01,0,0,0,0,0,0,0,0,0,0,0,0,0,0,0,0,0,0,0,0,0,0,0,0,0,0,0,0,0
2019-07-02,0,0,0,0,0,0,0,0,0,0,0,0,0,0,0,0,0,0,0,0,0,0,0,0,0,0,0,0,0
2019-07-03,0,0,0,0,0,0,0,0,0,0,0,0,0,0,0,0,0,0,0,0,0,0,0,0,0,0,0,0,0
2019-07-08,-2,0,0,0,0,0,-48,0,0,-1,-26,0,0,-1,4,0,100,0,0,1,0,0,100,0,0,-18,-99,0,0
2019-07-09,0,0,0,0,0,0,0,0,0,0,0,0,0,0,0,0,0,0,0,0,0,0,0,0,0,0,0,0,0
2019-07-10,0,0,0,0,0,0,-99,0,0,0,-38,0,0,0,19,0,100,0,0,0,0,0,100,0,0,-27,-7,0,0
2019-07-11,0,0,0,0,0,0,-99,0,0,0,-32,0,0,0,0,0,72,0,0,0,0,0,100,0,0,-14,0,0,0
2019-07-12,0,0,0,0,0,0,-99,0,0,0,-11,0,0,0,0,0,1,0,0,0,0,0,98,0,0,-17,0,0,0
2019-07-15,0,0,0,0,0,0,-99,0,0,0,0,0,0,0,0,0,0,0,0,0,15,0,100,0,0,-42,0,0,0
2019-07-16,0,0,0,0,0,0,0,0,0,0,0,0,0,0,0,0,0,0,0,0,0,0,0,0,0,0,0,0,0
2019-07-17,0,0,0,0,0,0,-99,0,0,0,-12,0,0,0,0,0,2,0,0,0,0,0,58,0,0,-55,0,0,100
2019-07-18,0,0,0,0,0,0,-99,0,0,0,-56,100,0,0,0,0,0,0,0,0,0,0,53,0,0,-94,0,0,100
2019-07-19,0,0,0,62,0,0,-100,0,0,0,-83,1,0,0,0,0,100,0,0,1,0,0,0,0,0,-99,0,0,100
2019-07-22,0,0,0,75,0,0,-100,0,0,0,-81,0,0,0,0,0,1,0,0,0,0,0,0,0,0,-99,0,0,100
2019-07-23,0,0,0,0,0,0,0,0,0,0,0,0,0,0,0,0,0,0,0,0,0,0,0,0,0,0,0,0,0
2019-07-24,0,0,0,0,0,0,-100,0,0,0,-81,37,0,0,0,0,100,0,0,100,0,0,100,0,0,-99,0,0,100
2019-07-25,0,0,0,0,0,0,-100,0,0,0,-94,0,0,0,-59,0,100,0,0,77,0,0,100,0,0,-3,0,1,100
2019-07-26,0,100,66,0,0,0,-100,0,0,0,-91,0,0,0,-96,0,0,0,0,0,0,0,1,0,0,0,0,0,100
2019-07-29,0,10,0,0,0,0,-100,0,0,0,0,0,0,0,-99,0,0,0,0,0,0,1,0,0,0,0,0,100,100
2019-07-30,0,0,0,0,0,0,0,0,0,0,0,0,0,0,0,0,0,0,0,0,0,0,0,0,0,0,0,0,0
2019-07-31,0,100,28,0,0,0,-100,0,0,-92,0,0,0,0,-99,0,0,0,0,1,0,0,0,0,0,0,0,100,100
2019-08-01,0,100,35,0,0,0,-100,0,0,-99,0,0,0,0,-99,0,1,0,0,0,0,0,0,0,0,0,0,100,100
2019-08-02,0,100,31,0,0,0,-100,0,0,-99,0,0,0,0,-99,0,100,0,0,0,0,0,0,0,0,0,0,1,100
2019-08-05,0,100,13,0,0,0,-54,0,0,-99,0,0,0,0,-99,0,100,0,0,0,0,0,0,0,0,0,0,1,100
2019-08-06,0,0,0,0,0,0,0,0,0,0,0,0,0,0,0,0,0,0,0,0,0,0,0,0,0,0,0,0,0
2019-08-07,0,94,0,0,0,0,0,0,0,-100,0,0,0,0,-99,0,100,0,0,0,0,0,0,0,0,0,0,1,100
2019-08-08,0,81,0,0,0,0,0,0,0,-88,0,0,0,0,-100,0,100,0,0,0,0,0,0,0,0,0,0,1,100
2019-08-09,0,47,0,0,0,0,0,0,0,0,-59,0,0,0,-100,0,100,0,0,0,0,0,0,0,0,0,0,1,100
2019-08-12,0,52,0,0,0,0,0,0,0,0,-66,0,0,0,-100,0,100,0,0,0,0,0,0,0,0,0,0,1,100
2019-08-13,0,0,0,0,0,0,0,0,0,0,0,0,0,0,0,0,0,0,0,0,0,0,0,0,0,0,0,0,0
2019-08-14,0,70,0,0,0,0,0,0,0,0,-85,0,0,0,-100,0,100,0,0,0,0,0,0,0,0,0,0,1,100
2019-08-15,0,73,1,0,0,0,0,0,0,0,-92,0,0,0,-100,0,100,0,0,0,0,0,0,0,0,0,0,0,100
2019-08-16,0,78,0,0,0,0,0,0,0,0,-97,0,0,0,-100,0,100,0,0,0,0,0,0,0,0,0,0,0,100
2019-08-19,0,80,0,0,0,0,0,0,0,0,-98,0,0,0,-100,0,100,0,0,0,0,0,0,0,0,0,0,0,100
2019-08-20,0,0,0,0,0,0,0,0,0,0,0,0,0,0,0,0,0,0,0,0,0,0,0,0,0,0,0,0,0
2019-08-21,0,89,0,0,0,0,0,0,0,0,-99,0,0,0,-100,0,100,0,0,0,0,0,0,0,0,0,0,0,100
2019-08-22,0,89,0,0,0,0,0,0,0,0,-99,0,0,0,-100,0,100,0,0,0,0,0,0,0,0,0,0,0,100
2019-08-23,0,88,1,0,0,0,0,0,0,0,-99,0,0,0,-100,0,100,0,0,0,0,0,0,0,0,0,0,0,100
2019-08-26,0,85,1,0,0,0,0,0,0,0,-99,0,0,0,-100,0,100,0,0,0,0,0,0,0,0,0,0,1,100
2019-08-27,0,0,0,0,0,0,0,0,0,0,0,0,0,0,0,0,0,0,0,0,0,0,0,0,0,0,0,0,0
2019-08-28,0,73,0,0,0,0,0,0,0,0,-99,0,0,0,-100,0,0,0,0,100,0,0,0,0,0,0,0,1,100
2019-08-29,0,88,0,0,0,0,0,0,0,0,-99,0,0,0,-100,0,100,0,0,0,0,0,0,0,0,0,0,2,100
2019-08-30,0,74,1,0,0,0,0,0,0,0,-99,0,0,0,-100,0,0,0,0,100,0,0,0,0,0,0,0,1,100
2019-09-03,0,0,0,0,0,0,0,0,0,0,0,0,0,0,0,0,0,0,0,0,0,0,0,0,0,0,0,0,0
2019-09-04,0,28,1,0,0,0,0,0,0,0,-58,0,0,0,-100,0,0,0,0,100,0,0,0,0,0,0,0,0,100
2019-09-05,0,0,0,0,0,0,0,0,0,0,0,0,0,0,-100,0,0,0,0,10,0,0,0,0,0,0,0,1,100
2019-09-06,0,0,0,0,0,0,0,0,0,0,0,0,0,0,-100,0,0,0,0,10,0,0,0,0,0,0,0,1,100
2019-09-09,0,0,0,0,0,0,0,0,0,0,0,0,0,0,-28,0,1,0,0,0,0,0,0,0,0,0,0,0,29
2019-09-10,0,0,0,0,0,0,0,0,0,0,0,0,0,0,0,0,0,0,0,0,0,0,0,0,0,0,0,0,0
2019-09-11,0,0,0,0,0,0,0,0,0,0,0,0,0,0,0,0,0,0,0,0,0,0,0,0,0,0,0,0,0
2019-09-12,0,0,0,0,0,0,0,0,0,0,0,0,0,0,0,0,0,0,0,0,0,0,0,0,0,0,0,0,0
2019-09-13,0,0,0,0,0,0,0,0,0,0,0,0,0,0,0,0,0,0,0,0,0,0,0,0,0,0,0,0,0
2019-09-16,0,0,0,0,0,0,0,0,0,0,0,0,0,0,0,0,0,0,0,0,0,0,0,0,0,0,0,0,0
2019-09-17,0,0,0,0,0,0,0,0,0,0,0,0,0,0,0,0,0,0,0,0,0,0,0,0,0,0,0,0,0
2019-09-18,0,0,0,0,0,0,0,0,0,0,0,0,0,0,0,0,0,0,0,0,0,0,0,0,0,0,0,0,0
2019-09-19,0,0,0,0,0,0,0,0,0,0,0,0,0,0,0,0,0,0,0,0,0,0,0,0,0,0,0,0,0
2019-09-20,0,0,0,0,0,0,0,0,0,0,0,0,0,0,0,0,0,0,0,0,0,0,0,0,0,0,0,0,0
2019-09-23,0,0,0,0,0,0,0,0,0,0,0,0,0,0,0,0,0,0,0,0,0,0,0,0,0,0,0,0,0
2019-09-24,0,0,0,0,0,0,0,0,0,0,0,0,0,0,0,0,0,0,0,0,0,0,0,0,0,0,0,0,0
2019-09-25,0,0,0,0,0,0,0,0,0,0,0,0,0,0,0,0,0,0,0,0,0,0,0,0,0,0,0,0,0
2019-09-26,0,0,0,0,0,0,0,0,0,0,0,0,0,0,0,0,0,0,0,0,0,0,0,0,0,0,0,0,0
2019-09-27,0,0,0,0,0,0,0,0,0,0,0,0,0,0,0,0,0,0,0,0,0,0,0,0,0,0,0,0,0
2019-09-30,0,0,0,0,0,0,0,0,0,0,0,0,0,0,0,0,0,0,0,0,0,0,0,0,0,0,0,0,0
2019-10-01,0,0,0,0,0,0,0,0,0,0,0,0,0,0,0,0,0,0,0,0,0,0,0,0,0,0,0,0,0
2019-10-02,0,0,0,0,0,0,0,0,0,0,0,0,0,0,0,0,0,0,0,0,0,0,0,0,0,0,0,0,0
2019-10-04,100,0,-100,-84,0,100,0,0,0,0,0,100,0,100,0,0,100,0,0,-99,100,0,-99,0,0,0,0,44,0
2019-10-07,100,0,-100,-53,0,100,0,0,0,0,0,100,0,0,0,0,100,0,0,-99,14,1,-42,0,0,0,0,0,0
2019-10-08,0,0,0,0,0,0,0,0,0,0,0,0,0,0,0,0,0,0,0,0,0,0,0,0,0,0,0,0,0
2019-10-09,100,0,-100,0,0,85,0,0,0,0,0,0,0,0,0,0,1,0,0,-100,0,0,0,0,0,0,0,0,0
2019-10-10,100,0,-100,0,0,92,0,0,0,0,0,0,0,0,0,0,100,0,0,-100,1,0,-53,0,0,0,0,0,0
2019-10-11,100,0,-100,0,0,100,0,0,0,0,0,3,0,0,0,0,100,0,0,-100,0,0,-69,0,0,0,0,0,0
2019-10-14,100,0,-100,0,0,100,0,0,0,0,0,0,1,0,0,0,0,0,0,-100,21,0,-48,0,0,0,0,0,0
2019-10-15,0,0,0,0,0,0,0,0,0,0,0,0,0,0,0,0,0,0,0,0,0,0,0,0,0,0,0,0,0
2019-10-16,100,0,-100,0,0,100,39,0,0,0,0,0,0,0,0,0,0,0,0,-100,0,0,-34,0,0,0,0,0,0
2019-10-17,100,0,-100,0,0,100,100,0,0,0,0,0,0,0,0,0,0,0,0,-100,15,0,-75,0,0,0,0,0,0
2019-10-18,100,0,-100,0,0,100,76,0,0,0,0,0,0,100,0,0,0,0,0,-100,0,0,-89,0,0,0,0,0,0
2019-10-21,0,0,-80,0,0,7,0,0,0,0,0,0,0,0,0,0,0,0,100,-100,0,-2,-95,0,0,0,0,0,100
2019-10-22,0,0,0,0,0,0,0,0,0,0,0,0,0,0,0,0,0,0,0,0,0,0,0,0,0,0,0,0,0
2019-10-23,0,0,0,0,0,0,2,0,0,0,0,0,0,0,0,0,0,0,43,-100,0,0,-94,0,0,0,0,0,100
2019-10-24,0,0,0,0,0,0,0,0,0,0,0,0,0,0,0,0,0,0,43,-100,0,0,-90,0,0,0,0,0,100
2019-10-25,0,0,0,0,0,0,1,0,0,0,0,0,0,0,0,0,0,0,0,-100,0,0,-22,0,0,0,0,0,84
2019-10-28,0,0,0,0,0,0,1,0,0,0,0,0,0,0,0,0,0,0,0,-100,0,0,0,0,0,0,0,0,62
2019-10-29,0,0,0,0,0,0,0,0,0,0,0,0,0,0,0,0,0,0,0,0,0,0,0,0,0,0,0,0,0
2019-10-30,0,0,0,0,0,0,0,0,0,0,0,0,0,0,0,0,0,0,0,-100,0,0,0,0,0,0,0,0,66
2019-10-31,0,0,0,0,0,0,2,0,0,0,0,0,0,0,0,0,0,0,0,-100,0,0,0,0,0,0,0,0,66
2019-11-01,0,0,0,0,0,0,1,0,0,0,0,0,0,0,0,0,0,0,0,-100,0,0,0,0,0,0,0,0,65
2019-11-04,0,0,0,0,0,0,1,0,0,0,0,0,0,0,0,0,0,0,0,-100,0,0,0,0,0,0,0,0,64
2019-11-05,0,0,0,0,0,0,0,0,0,0,0,0,0,0,0,0,0,0,0,0,0,0,0,0,0,0,0,0,0
2019-11-06,0,0,0,0,0,0,2,0,0,0,0,0,0,0,0,0,0,0,0,-100,0,0,0,0,0,0,0,0,62
2019-11-07,0,0,0,0,0,0,1,0,0,0,0,0,0,0,0,0,0,0,0,-60,0,0,0,0,0,0,0,0,37
2019-11-08,0,0,0,0,0,0,0,0,0,0,0,0,0,0,0,0,0,0,0,0,0,0,0,0,0,0,0,0,0
2019-11-11,0,0,0,0,0,0,0,0,0,0,0,0,0,0,0,0,0,0,0,0,0,0,0,0,0,0,0,0,0
2019-11-12,0,0,0,0,0,0,0,0,0,0,0,0,0,0,0,0,0,0,0,0,0,0,0,0,0,0,0,0,0
2019-11-13,0,0,0,0,0,0,0,0,0,0,0,0,0,0,0,0,0,0,0,0,0,0,0,0,0,0,0,0,0
2019-11-14,0,0,0,0,0,0,0,0,0,0,0,0,0,0,0,0,0,0,0,0,0,0,0,0,0,0,0,0,0
2019-11-15,0,0,0,0,0,0,0,0,0,0,0,0,0,0,0,0,0,0,0,0,0,0,0,0,0,0,0,0,0
2019-11-18,0,0,0,0,0,0,0,0,0,0,0,0,0,0,0,0,0,0,0,0,0,0,0,0,0,0,0,0,0
2019-11-19,0,0,0,0,0,0,0,0,0,0,0,0,0,0,0,0,0,0,0,0,0,0,0,0,0,0,0,0,0
2019-11-20,0,0,0,0,0,0,0,0,0,0,0,0,0,0,0,0,0,0,0,0,0,0,0,0,0,0,0,0,0
2019-11-21,0,0,0,0,0,0,0,0,0,0,0,0,0,0,0,0,0,0,0,0,0,0,0,0,0,0,0,0,0
2019-11-22,0,0,0,0,0,0,0,0,0,0,0,0,0,0,0,0,0,0,0,0,0,0,0,0,0,0,0,0,0
2019-11-25,0,0,0,0,0,0,0,0,0,0,0,0,0,0,0,0,0,0,0,0,0,0,0,0,0,0,0,0,0
2019-11-26,0,0,0,0,0,0,0,0,0,0,0,0,0,0,0,0,0,0,0,0,0,0,0,0,0,0,0,0,0
2019-11-27,0,0,0,0,0,0,0,0,0,0,0,0,0,0,0,0,0,0,0,0,0,0,0,0,0,0,0,0,0
2019-11-29,0,0,0,0,0,0,0,0,0,0,0,0,0,0,0,0,0,0,0,0,0,0,0,0,0,0,0,0,0
2019-12-02,0,0,0,0,0,0,0,0,0,0,0,0,0,0,0,0,0,0,0,0,0,0,0,0,0,0,0,0,0
2019-12-03,0,0,0,0,0,0,0,0,0,0,0,0,0,0,0,0,0,0,0,0,0,0,0,0,0,0,0,0,0
2019-12-04,0,0,0,0,0,0,0,0,0,0,0,0,0,0,0,0,0,0,0,0,0,0,0,0,0,0,0,0,0
2019-12-05,0,0,0,0,0,0,0,0,0,0,0,0,0,0,0,0,0,0,0,0,0,0,0,0,0,0,0,0,0
2019-12-06,0,0,0,0,0,0,0,0,0,0,0,0,0,0,0,0,0,0,0,0,0,0,0,0,0,0,0,0,0
2019-12-09,0,0,0,0,0,0,0,0,0,0,0,0,0,0,0,0,0,0,0,0,0,0,0,0,0,0,0,0,0
2019-12-10,0,0,0,0,0,0,0,0,0,0,0,0,0,0,0,0,0,0,0,0,0,0,0,0,0,0,0,0,0
2019-12-11,0,0,0,0,0,0,0,0,0,0,0,0,0,0,0,0,0,0,0,0,0,0,0,0,0,0,0,0,0
2019-12-12,0,0,0,0,0,0,0,0,0,0,0,0,0,0,0,0,0,0,0,0,0,0,0,0,0,0,0,0,0
2019-12-13,0,0,0,0,0,0,0,0,0,0,0,0,0,0,0,0,0,0,0,0,0,0,0,0,0,0,0,0,0
2019-12-16,0,0,0,0,0,0,0,0,0,0,0,0,0,0,0,0,0,0,0,0,0,0,0,0,0,0,0,0,0
2019-12-17,0,0,0,0,0,0,0,0,0,0,0,0,0,0,0,0,0,0,0,0,0,0,0,0,0,0,0,0,0
2019-12-18,0,0,0,0,0,0,0,0,0,0,0,0,0,0,0,0,0,0,0,0,0,0,0,0,0,0,0,0,0
2019-12-19,0,0,0,0,0,0,0,0,0,0,0,0,0,0,0,0,0,0,0,0,0,0,0,0,0,0,0,0,0
2019-12-20,0,0,0,0,0,0,0,0,0,0,0,0,0,0,0,0,0,0,0,0,0,0,0,0,0,0,0,0,0
2019-12-23,0,0,0,0,0,0,0,0,0,0,0,0,0,0,0,0,0,0,0,0,0,0,0,0,0,0,0,0,0
2019-12-24,0,0,0,0,0,0,0,0,0,0,0,0,0,0,0,0,0,0,0,0,0,0,0,0,0,0,0,0,0
2019-12-26,0,0,0,0,0,0,0,0,0,0,0,0,0,0,0,0,0,0,0,0,0,0,0,0,0,0,0,0,0
2019-12-27,0,0,0,0,0,0,0,0,0,0,0,0,0,0,0,0,0,0,0,0,0,0,0,0,0,0,0,0,0
2019-12-30,0,0,0,0,0,0,0,0,0,0,0,0,0,0,0,0,0,0,0,0,0,0,0,0,0,0,0,0,0
2019-12-31,0,0,0,0,0,0,0,0,0,0,0,0,0,0,0,0,0,0,0,0,0,0,0,0,0,0,0,0,0
2020-01-02,0,0,0,0,0,0,0,0,0,0,0,0,0,0,0,0,0,0,0,0,0,0,0,0,0,0,0,0,0
2020-01-06,7,-6,0,0,0,-7,-8,0,0,6,0,-8,2,0,8,0,8,0,-5,0,-9,8,0,0,11,0,0,-4,-7
2020-01-07,0,0,0,0,0,0,0,0,0,0,0,0,0,0,0,0,0,0,0,0,0,0,0,0,0,0,0,0,0
2020-01-08,7,-6,0,0,0,-7,-8,0,0,6,0,-8,1,1,8,0,8,0,-5,0,-9,8,0,0,11,0,0,-4,-7
2020-01-09,7,-6,0,0,0,-7,-8,0,0,6,0,-8,2,0,8,0,8,0,-5,0,-9,8,0,0,11,0,0,-4,-7
2020-01-10,7,-6,0,0,0,-7,-8,0,0,6,0,-8,1,1,8,0,8,0,-5,0,-9,8,0,0,11,0,0,-4,-7
2020-01-13,7,-6,0,0,0,-7,-8,0,0,6,0,-8,2,1,8,0,8,0,-5,0,-9,8,0,0,11,0,0,-4,-7
2020-01-14,0,0,0,0,0,0,0,0,0,0,0,0,0,0,0,0,0,0,0,0,0,0,0,0,0,0,0,0,0
2020-01-15,7,-6,0,0,0,-7,-8,0,0,6,0,-8,1,0,8,0,8,0,-5,0,-9,8,0,0,11,0,0,-4,-7
2020-01-16,7,-6,0,0,0,-7,-8,0,0,6,0,-8,1,0,8,0,8,0,-5,0,-9,8,0,0,11,0,0,-4,-7
2020-01-17,7,-6,0,0,0,-7,-8,0,0,6,0,-8,1,1,8,0,8,0,-5,0,-9,8,0,0,11,0,0,-4,-7
2020-01-21,0,0,0,0,0,0,0,0,0,0,0,0,0,0,0,0,0,0,0,0,0,0,0,0,0,0,0,0,0
2020-01-22,7,-6,0,0,0,-7,-8,0,0,6,0,-8,0,1,8,0,8,0,-5,0,-9,8,0,0,11,0,0,-4,-7
2020-01-23,7,-6,0,0,0,-7,-8,0,0,6,0,-8,0,1,8,0,8,0,-5,0,-9,8,0,0,11,0,0,-4,-7
2020-01-24,7,-6,0,0,0,-7,-8,0,0,6,0,-8,0,1,8,0,8,0,-5,0,-9,8,0,0,11,0,0,-4,-7
2020-01-27,7,-6,0,0,0,-7,-8,0,0,6,0,-8,1,1,8,0,8,0,-5,0,-9,8,0,0,11,0,0,-4,-7
2020-01-28,0,0,0,0,0,0,0,0,0,0,0,0,0,0,0,0,0,0,0,0,0,0,0,0,0,0,0,0,0
2020-01-29,7,-6,0,0,0,-7,-8,0,0,6,0,-8,1,0,8,0,8,0,-5,0,-9,8,0,0,11,0,0,-4,-7
2020-01-30,7,-6,0,0,0,-7,-8,0,0,6,0,-8,2,0,8,0,8,0,-5,0,-9,8,0,0,11,0,0,-4,-7
2020-01-31,7,-6,0,0,0,-7,-8,0,0,6,0,-8,2,0,8,0,8,0,-5,0,-9,8,0,0,11,0,0,-4,-7
2020-02-03,7,-6,0,0,0,-7,-8,0,0,6,0,-8,1,1,8,0,8,0,-5,0,-9,8,0,0,11,0,0,-4,-7
2020-02-04,0,0,0,0,0,0,0,0,0,0,0,0,0,0,0,0,0,0,0,0,0,0,0,0,0,0,0,0,0
2020-02-05,3,-6,0,0,0,-6,-8,0,0,7,0,-9,0,0,8,0,9,0,-6,0,-9,8,0,0,12,0,0,-4,-7
2020-02-06,2,-6,0,0,0,-6,-8,0,0,6,0,-9,0,0,9,0,8,0,-5,0,-9,9,0,0,12,0,0,-3,-7
2020-02-07,3,-6,0,0,0,-6,-8,0,0,6,0,-9,0,0,9,0,8,0,-5,0,-9,9,0,0,12,0,0,-3,-7
2020-02-10,3,-6,0,0,0,-6,-8,0,0,6,0,-9,0,1,9,0,8,0,-5,0,-9,9,0,0,12,0,0,-3,-7
2020-02-11,0,0,0,0,0,0,0,0,0,0,0,0,0,0,0,0,0,0,0,0,0,0,0,0,0,0,0,0,0
2020-02-12,1,-6,0,0,0,-6,-8,0,0,6,0,-9,0,0,9,0,8,0,-5,0,-9,9,0,0,12,0,0,-3,-7
2020-02-13,1,-6,0,0,0,-6,-8,0,0,6,0,-9,0,0,9,0,8,0,-5,0,-9,9,0,0,12,0,0,-3,-7
2020-02-14,2,-6,0,0,0,-6,-8,0,0,6,0,-9,0,0,9,0,8,0,-5,0,-9,9,0,0,12,0,0,-3,-7
2020-02-18,0,0,0,0,0,0,0,0,0,0,0,0,0,0,0,0,0,0,0,0,0,0,0,0,0,0,0,0,0
2020-02-19,1,-6,0,0,0,-6,-8,0,0,6,0,-9,0,1,9,0,8,0,-5,0,-9,9,0,0,12,0,0,-3,-7
2020-02-20,1,-5,0,0,0,-5,-8,0,0,4,0,-9,0,0,8,0,9,0,-5,0,-8,8,0,0,12,0,0,-3,-6
2020-02-21,1,-5,0,0,0,-5,-8,0,0,3,0,-9,0,0,8,0,9,0,-4,0,-8,8,0,0,12,0,0,-3,-6
2020-02-24,1,-5,0,0,0,-5,-8,0,0,4,0,-9,0,0,8,0,9,0,-4,0,-8,8,0,0,12,0,0,-3,-6
2020-02-25,0,0,0,0,0,0,0,0,0,0,0,0,0,0,0,0,0,0,0,0,0,0,0,0,0,0,0,0,0
2020-02-26,2,-5,0,0,0,-5,-7,0,0,3,0,-8,0,0,8,0,8,0,-4,0,-8,8,0,0,12,0,0,-2,-6
2020-02-27,0,-4,0,0,0,-5,-3,0,0,2,0,-7,0,1,7,0,8,0,-4,0,-7,7,0,0,11,0,0,-2,-5
2020-02-28,2,-4,0,0,0,-5,0,0,0,1,0,-7,0,0,7,0,8,0,-4,0,-7,7,0,0,11,0,0,-2,-5
2020-03-02,0,-4,0,0,0,-5,0,0,0,1,0,-8,0,0,8,0,8,0,-4,0,-7,7,0,0,12,0,0,-3,-6
2020-03-03,0,0,0,0,0,0,0,0,0,0,0,0,0,0,0,0,0,0,0,0,0,0,0,0,0,0,0,0,0
2020-03-04,0,-4,0,0,0,-5,0,0,0,0,0,-8,0,1,8,0,9,0,-4,0,-7,6,0,0,12,0,0,-3,-6
2020-03-05,0,-4,0,0,0,-5,0,0,0,0,0,-8,0,0,8,0,8,0,-4,0,-7,7,0,0,12,0,0,-3,-6
2020-03-06,0,-4,0,0,0,-5,0,0,0,0,0,-7,0,0,7,0,8,0,-4,0,-7,4,0,0,12,0,0,-2,-5
2020-03-09,0,-4,0,0,0,-5,0,0,0,0,0,-7,0,0,7,0,8,0,-4,0,-7,7,0,0,11,0,0,-2,-5
2020-03-10,0,0,0,0,0,0,0,0,0,0,0,0,0,0,0,0,0,0,0,0,0,0,0,0,0,0,0,0,0
2020-03-11,0,-4,0,0,0,-5,0,0,0,0,0,-7,0,1,7,0,8,0,-4,0,-7,6,0,0,11,0,0,-2,-5
2020-03-12,-1035,-2518,0,0,0,-664,0,0,0,-163,0,-47,-19,-214,-290,0,-4748,0,-16,0,-1548,-282,0,0,-412,0,0,-240,-3600
2020-03-13,0,0,1,0,0,0,0,6,3,0,0,0,0,0,1,0,0,0,7,9,0,4,3,0,5,0,6,10,1
2020-03-16,0,0,-1,0,0,0,0,-6,-3,0,0,0,0,0,-1,0,0,0,-7,-9,0,-4,-3,0,-5,0,-6,-10,-1
2020-03-17,0,0,0,0,0,0,0,0,0,0,0,0,0,0,0,0,0,0,0,0,0,0,0,0,0,0,0,0,0
2020-03-18,0,0,0,0,0,0,0,0,0,0,0,0,0,0,0,0,0,0,0,0,0,0,0,0,0,0,0,0,0
2020-03-19,0,0,0,0,0,0,0,0,0,0,0,0,0,0,0,0,0,0,0,0,0,0,0,0,0,0,0,0,0
2020-03-20,0,0,1,0,0,0,0,6,3,0,0,0,0,0,1,0,0,0,7,9,0,4,3,0,5,0,6,10,1
2020-03-23,0,0,1,0,0,0,0,6,3,0,0,0,0,0,1,0,0,0,7,9,0,4,3,0,5,0,6,10,1
2020-03-24,0,0,0,0,0,0,0,0,0,0,0,0,0,0,0,0,0,0,0,0,0,0,0,0,0,0,0,0,0
2020-03-25,0,0,1,0,0,0,0,6,3,0,0,0,0,0,1,0,0,0,7,9,0,4,3,0,5,0,6,10,1
2020-03-26,0,0,1,0,0,0,0,6,3,0,0,0,0,0,1,0,0,0,7,9,0,4,3,0,5,0,6,10,1
2020-03-27,0,0,1,0,0,0,0,6,3,0,0,0,0,0,1,0,0,0,7,9,0,4,3,0,5,0,6,10,1
2020-03-30,0,0,1,0,0,0,0,6,3,0,0,0,0,0,1,0,0,0,7,9,0,4,3,0,5,0,6,10,1
2020-03-31,0,0,0,0,0,0,0,0,0,0,0,0,0,0,0,0,0,0,0,0,0,0,0,0,0,0,0,0,0
2020-04-01,0,0,1,0,0,0,0,6,3,0,0,0,0,0,1,0,0,0,7,9,0,4,3,0,5,0,6,10,1
2020-04-02,0,0,1,0,0,0,0,6,3,0,0,0,0,0,1,0,0,0,7,9,0,4,3,0,5,0,6,10,1
2020-04-06,4,0,-2,0,0,0,0,22,-2,0,0,0,0,0,11,0,0,8,-16,15,0,-7,4,0,20,0,-8,-13,-8
2020-04-07,0,0,0,0,0,0,0,0,0,0,0,0,0,0,0,0,0,0,0,0,0,0,0,0,0,0,0,0,0
2020-04-08,4,0,-2,0,0,0,0,22,-2,0,0,0,0,0,11,0,0,8,-16,15,0,-7,4,0,20,0,-8,-13,0
2020-04-09,4,0,-2,0,0,0,0,22,-2,0,0,0,0,0,11,0,0,8,-16,15,0,-7,4,0,20,0,-8,-13,0
2020-04-13,4,0,-2,0,0,0,0,22,-2,0,0,0,0,0,11,0,0,8,-8,15,0,-7,4,0,20,0,-8,-13,0
2020-04-14,0,0,0,0,0,0,0,0,0,0,0,0,0,0,0,0,0,0,0,0,0,0,0,0,0,0,0,0,0
2020-04-15,4,0,0,0,0,0,0,22,-2,0,0,0,0,0,11,0,0,8,0,15,0,-4,4,0,20,0,-8,-13,0
2020-04-16,4,0,0,0,0,0,0,22,-2,0,0,0,0,0,11,0,0,8,0,15,0,0,4,0,20,0,-8,-13,0
2020-04-17,4,0,0,0,0,0,0,22,-2,0,0,0,0,0,11,0,0,8,0,15,0,0,4,0,20,0,0,-2,0
2020-04-20,4,0,0,0,0,0,0,22,-2,0,0,0,0,0,11,0,0,8,0,15,0,0,4,0,20,0,0,0,0
2020-04-21,0,0,0,0,0,0,0,0,0,0,0,0,0,0,0,0,0,0,0,0,0,0,0,0,0,0,0,0,0
2020-04-22,4,0,0,0,0,0,0,22,-2,0,0,0,0,0,11,0,0,8,0,15,0,0,4,0,20,0,0,0,0
2020-04-23,4,0,0,0,0,0,0,22,-2,0,0,0,0,0,11,0,0,8,0,15,0,0,4,0,20,0,0,0,0
2020-04-24,4,0,0,0,0,0,0,22,-2,0,0,0,0,0,11,0,0,8,0,15,0,0,4,0,20,0,0,0,0
2020-04-27,4,0,0,0,0,0,0,22,-2,0,0,0,0,0,11,0,0,8,0,15,0,0,4,0,20,0,0,0,0
2020-04-28,0,0,0,0,0,0,0,0,0,0,0,0,0,0,0,0,0,0,0,0,0,0,0,0,0,0,0,0,0
2020-04-29,4,0,0,0,0,0,0,22,0,0,0,0,0,0,11,0,0,8,0,15,0,0,4,0,20,0,0,0,0
2020-04-30,4,0,0,0,0,0,0,22,0,0,0,0,0,0,11,0,0,8,0,15,0,0,4,0,20,0,0,0,0
2020-05-01,4,0,0,0,0,0,0,22,0,0,0,0,0,0,11,0,0,8,0,15,0,0,4,0,20,0,0,0,0
2020-05-04,4,0,0,0,0,0,0,22,0,0,0,0,0,0,11,0,0,8,0,15,0,0,4,0,20,0,0,0,0
2020-05-05,0,0,0,0,0,0,0,0,0,0,0,0,0,0,0,0,0,0,0,0,0,0,0,0,0,0,0,0,0
2020-05-06,4,0,0,0,0,0,0,22,0,0,0,0,0,0,11,0,0,8,0,15,0,0,4,0,20,0,0,0,0
2020-05-07,4,0,0,0,0,0,0,22,0,0,0,0,0,0,11,0,0,8,0,15,0,0,4,0,20,0,0,0,0
2020-05-08,4,0,0,0,0,0,0,22,0,0,0,0,0,0,11,0,0,8,0,15,0,0,4,0,20,0,0,0,0
2020-05-11,4,0,0,0,0,0,0,22,0,0,0,0,0,0,11,0,0,8,0,15,0,0,4,0,20,0,0,0,0
2020-05-12,0,0,0,0,0,0,0,0,0,0,0,0,0,0,0,0,0,0,0,0,0,0,0,0,0,0,0,0,0
2020-05-13,4,0,0,0,0,0,0,22,0,0,0,0,0,0,11,0,0,8,0,15,0,0,4,0,20,0,0,0,0
2020-05-14,4,0,0,0,0,0,0,22,0,0,0,0,0,0,11,0,0,8,0,15,0,0,4,0,20,0,0,0,0
2020-05-15,4,0,0,0,0,0,0,22,0,0,0,0,0,0,11,0,0,8,0,15,0,0,4,0,20,0,0,0,0
2020-05-18,4,0,0,0,0,0,0,22,0,0,0,0,0,0,11,0,0,8,0,15,0,0,4,0,20,0,0,0,0
2020-05-19,0,0,0,0,0,0,0,0,0,0,0,0,0,0,0,0,0,0,0,0,0,0,0,0,0,0,0,0,0
2020-05-20,4,0,0,0,0,0,0,22,0,0,0,0,0,0,11,0,0,8,0,15,0,0,4,0,20,0,0,0,0
2020-05-21,4,0,0,0,0,0,0,22,0,0,0,0,0,0,11,0,0,8,0,15,0,0,4,0,20,0,0,0,0
2020-05-22,4,0,0,0,0,0,0,22,0,0,0,0,0,0,11,0,0,8,0,15,0,0,4,0,20,0,0,0,0
2020-05-26,0,0,0,0,0,0,0,0,0,0,0,0,0,0,0,0,0,0,0,0,0,0,0,0,0,0,0,0,0
2020-05-27,4,0,0,0,0,0,0,22,0,0,0,0,0,0,11,0,0,8,0,15,0,0,4,0,20,0,0,0,0
2020-05-28,4,0,0,0,0,0,0,22,0,0,0,0,0,0,11,0,0,8,0,15,0,0,4,0,20,0,0,0,0
2020-05-29,4,0,0,0,0,0,0,22,0,0,0,0,0,0,11,0,0,8,0,15,0,0,4,0,20,0,0,0,0
2020-06-01,4,0,0,0,0,0,0,22,0,0,0,0,0,0,11,0,0,8,0,15,0,0,4,0,20,0,0,0,0
2020-06-02,0,0,0,0,0,0,0,0,0,0,0,0,0,0,0,0,0,0,0,0,0,0,0,0,0,0,0,0,0
2020-06-03,4,0,0,0,0,0,0,22,0,0,0,0,0,0,11,0,0,8,0,15,0,0,4,0,20,0,0,0,0
2020-06-04,4,0,0,0,0,0,0,22,0,0,0,0,0,0,11,0,0,8,0,15,0,0,4,0,20,0,0,0,0
2020-06-05,4,0,0,0,0,0,0,22,0,0,0,0,0,0,11,0,0,8,0,15,0,0,4,0,20,0,0,0,0
2020-06-08,4,0,0,0,0,0,0,22,0,0,0,0,0,0,11,0,0,8,0,15,0,0,4,0,20,0,0,0,0
2020-06-09,0,0,0,0,0,0,0,0,0,0,0,0,0,0,0,0,0,0,0,0,0,0,0,0,0,0,0,0,0
2020-06-10,4,0,0,0,0,0,0,22,0,0,0,0,0,0,11,0,0,8,0,15,0,0,4,0,20,0,0,0,0
2020-06-11,4,0,0,0,0,0,0,22,0,0,0,0,0,0,11,0,0,8,0,15,0,0,4,0,20,0,0,0,0
2020-06-12,4,0,0,0,0,0,0,22,0,0,0,0,0,0,11,0,0,8,0,15,0,0,4,0,20,0,0,0,0
2020-06-15,4,0,0,0,0,0,0,22,0,0,0,0,0,0,11,0,0,8,0,15,0,0,4,0,20,0,0,0,0
2020-06-16,0,0,0,0,0,0,0,0,0,0,0,0,0,0,0,0,0,0,0,0,0,0,0,0,0,0,0,0,0
2020-06-17,4,0,0,0,0,0,0,22,0,0,0,0,0,0,11,0,0,8,0,15,0,0,4,0,20,0,0,0,0
2020-06-18,4,0,0,0,0,0,0,22,0,0,0,0,0,0,11,0,0,8,0,15,0,0,4,0,20,0,0,0,0
2020-06-19,4,0,0,0,0,0,0,22,0,0,0,0,0,0,11,0,0,8,0,15,0,0,4,0,20,0,0,0,0
2020-06-22,4,0,0,0,0,0,0,22,0,0,0,0,0,0,11,0,0,8,0,15,0,0,4,0,20,0,0,0,0
2020-06-23,0,0,0,0,0,0,0,0,0,0,0,0,0,0,0,0,0,0,0,0,0,0,0,0,0,0,0,0,0
2020-06-24,4,0,0,0,0,0,0,22,0,0,0,0,0,0,11,0,0,8,0,15,0,0,4,0,20,0,0,0,0
2020-06-25,4,0,0,0,0,0,0,22,0,0,0,0,0,0,11,0,0,8,0,15,0,0,4,0,20,0,0,0,0
2020-06-26,4,0,0,0,0,0,0,22,0,0,0,0,0,0,11,0,0,8,0,15,0,0,4,0,20,0,0,0,0
2020-06-29,4,0,0,0,0,0,0,22,0,0,0,0,0,0,11,0,0,8,0,15,0,0,4,0,20,0,0,0,0
2020-06-30,0,0,0,0,0,0,0,0,0,0,0,0,0,0,0,0,0,0,0,0,0,0,0,0,0,0,0,0,0
2020-07-01,4,0,0,0,0,0,0,22,0,0,0,0,0,0,11,0,0,8,0,15,0,0,4,0,20,0,0,0,0
2020-07-02,4,0,0,0,0,0,0,22,0,0,0,0,0,0,11,0,0,8,0,15,0,0,4,0,20,0,0,0,0
2020-07-07,0,0,0,0,0,0,0,0,0,0,0,0,0,0,0,0,0,0,0,0,0,0,0,0,0,0,0,0,0
2020-07-08,100,100,100,0,100,0,100,100,100,100,100,0,0,0,100,100,0,100,0,-100,100,100,-100,0,-100,0,100,0,0
2020-07-09,100,100,100,0,100,0,100,100,100,100,100,0,0,0,100,100,0,100,0,-100,100,100,-100,0,-100,0,100,0,0
2020-07-10,100,100,100,0,100,0,100,100,100,100,100,0,0,0,100,100,0,100,0,-100,100,100,-20,0,-100,0,100,0,0
2020-07-13,100,100,100,0,100,0,100,100,100,100,100,0,0,0,100,100,0,100,0,-100,100,100,0,0,-100,0,100,0,0
2020-07-14,0,0,0,0,0,0,0,0,0,0,0,0,0,0,0,0,0,0,0,0,0,0,0,0,0,0,0,0,0
2020-07-15,100,100,100,0,100,0,100,100,100,100,100,0,0,0,100,100,0,100,0,-100,100,100,0,0,-100,0,100,0,0
2020-07-16,100,100,100,0,100,0,100,100,100,100,100,0,0,0,100,100,0,100,0,-100,100,100,0,0,-100,0,100,0,0
2020-07-17,100,100,100,0,-99,0,0,0,-100,-100,100,0,0,0,-99,0,0,1,0,-100,24,-100,100,0,-100,100,100,0,0
2020-07-20,100,2,100,0,-100,0,100,-100,-100,-100,100,0,0,0,-100,100,100,100,0,-100,100,-100,0,100,-100,0,1,0,0
2020-07-21,0,0,0,0,0,0,0,0,0,0,0,0,0,0,0,0,0,0,0,0,0,0,0,0,0,0,0,0,0
2020-07-22,100,0,100,0,-100,0,100,-100,-100,-100,100,0,0,0,-100,100,100,100,0,-7,100,-100,0,39,-100,0,1,0,0
2020-07-23,100,0,100,0,-100,0,100,-100,-100,-100,100,0,0,0,-100,100,100,100,0,0,100,-100,0,42,-100,0,1,0,0
2020-07-24,100,0,100,0,-100,0,100,-100,-100,-100,24,0,0,0,-100,100,100,100,0,0,100,-100,0,1,-20,0,1,0,0
2020-07-27,100,0,0,0,-100,0,100,-100,-100,-100,36,0,0,0,-100,100,100,100,0,0,100,-100,0,0,0,0,0,0,0
2020-07-28,0,0,0,0,0,0,0,0,0,0,0,0,0,0,0,0,0,0,0,0,0,0,0,0,0,0,0,0,0
2020-07-29,100,0,0,0,-1,0,67,-100,0,0,0,0,0,0,-100,0,0,0,0,0,100,0,-87,0,0,0,0,0,0
2020-07-30,100,0,100,0,0,0,99,-100,0,0,0,0,0,0,-100,0,0,0,0,0,0,0,-13,0,0,0,0,0,0
2020-07-31,100,0,100,0,0,0,33,-100,0,0,0,0,0,0,-100,0,0,0,0,0,0,0,0,0,0,0,0,0,0
2020-08-03,100,0,0,0,0,0,100,-100,0,0,0,0,0,0,-100,0,0,0,0,0,0,0,0,1,0,5,100,0,0
2020-08-04,0,0,0,0,0,0,0,0,0,0,0,0,0,0,0,0,0,0,0,0,0,0,0,0,0,0,0,0,0
2020-08-05,100,0,0,0,0,0,100,-100,0,0,0,0,0,0,-100,0,0,0,0,0,0,0,0,0,0,6,100,0,0
2020-08-06,100,0,0,0,0,0,70,-100,0,0,0,0,0,0,-48,0,0,0,0,0,0,0,0,0,0,0,0,0,0
2020-08-07,70,0,0,0,0,0,0,-100,0,0,0,0,0,0,0,0,0,0,0,0,0,0,0,0,0,0,0,0,0
2020-08-10,71,0,0,0,0,0,1,-100,0,0,0,0,0,0,0,0,0,0,0,0,0,0,0,0,0,0,0,0,0
2020-08-11,0,0,0,0,0,0,0,0,0,0,0,0,0,0,0,0,0,0,0,0,0,0,0,0,0,0,0,0,0
2020-08-12,71,0,0,0,0,0,2,-100,0,0,0,0,0,0,0,0,0,0,0,0,0,0,0,0,0,0,0,0,0
2020-08-13,70,0,0,0,0,0,0,-100,0,0,0,0,0,0,0,0,0,0,0,0,0,0,0,0,0,0,0,0,0
2020-08-14,70,0,0,0,0,0,1,-100,0,0,0,0,0,0,0,0,0,0,0,0,0,0,0,0,0,0,0,0,0
2020-08-17,70,0,0,0,0,0,2,-100,0,0,0,0,0,0,0,0,0,0,0,0,0,0,0,0,0,0,0,0,0
2020-08-18,0,0,0,0,0,0,0,0,0,0,0,0,0,0,0,0,0,0,0,0,0,0,0,0,0,0,0,0,0
2020-08-19,17,0,0,0,0,0,2,-26,0,0,0,0,0,0,0,0,0,0,0,0,0,0,0,0,0,0,0,0,0
2020-08-20,0,0,0,0,0,0,0,0,0,0,0,0,0,0,0,0,0,0,0,0,0,0,0,0,0,0,0,0,0
2020-08-21,0,0,0,0,0,0,0,0,0,0,0,0,0,0,0,0,0,0,0,0,0,0,0,0,0,0,0,0,0
2020-08-24,0,0,0,0,0,0,0,0,0,0,0,0,0,0,0,0,0,0,0,0,0,0,0,0,0,0,0,0,0
2020-08-25,0,0,0,0,0,0,0,0,0,0,0,0,0,0,0,0,0,0,0,0,0,0,0,0,0,0,0,0,0
2020-08-26,0,0,0,0,0,0,0,0,0,0,0,0,0,0,0,0,0,0,0,0,0,0,0,0,0,0,0,0,0
2020-08-27,0,0,0,0,0,0,0,0,0,0,0,0,0,0,0,0,0,0,0,0,0,0,0,0,0,0,0,0,0
2020-08-28,0,0,0,0,0,0,0,0,0,0,0,0,0,0,0,0,0,0,0,0,0,0,0,0,0,0,0,0,0
2020-08-31,0,0,0,0,0,0,0,0,0,0,0,0,0,0,0,0,0,0,0,0,0,0,0,0,0,0,0,0,0
2020-09-01,0,0,0,0,0,0,0,0,0,0,0,0,0,0,0,0,0,0,0,0,0,0,0,0,0,0,0,0,0
2020-09-02,0,0,0,0,0,0,0,0,0,0,0,0,0,0,0,0,0,0,0,0,0,0,0,0,0,0,0,0,0
2020-09-03,0,0,0,0,0,0,0,0,0,0,0,0,0,0,0,0,0,0,0,0,0,0,0,0,0,0,0,0,0
2020-09-04,0,0,0,0,0,0,0,0,0,0,0,0,0,0,0,0,0,0,0,0,0,0,0,0,0,0,0,0,0
2020-09-08,0,0,0,0,0,0,0,0,0,0,0,0,0,0,0,0,0,0,0,0,0,0,0,0,0,0,0,0,0
2020-09-09,0,0,0,0,0,0,0,0,0,0,0,0,0,0,0,0,0,0,0,0,0,0,0,0,0,0,0,0,0
2020-09-10,0,0,0,0,0,0,0,0,0,0,0,0,0,0,0,0,0,0,0,0,0,0,0,0,0,0,0,0,0
2020-09-11,0,0,0,0,0,0,0,0,0,0,0,0,0,0,0,0,0,0,0,0,0,0,0,0,0,0,0,0,0
2020-09-14,0,0,0,0,0,0,0,0,0,0,0,0,0,0,0,0,0,0,0,0,0,0,0,0,0,0,0,0,0
2020-09-15,0,0,0,0,0,0,0,0,0,0,0,0,0,0,0,0,0,0,0,0,0,0,0,0,0,0,0,0,0
2020-09-16,0,0,0,0,0,0,0,0,0,0,0,0,0,0,0,0,0,0,0,0,0,0,0,0,0,0,0,0,0
2020-09-17,0,0,0,0,0,0,0,0,0,0,0,0,0,0,0,0,0,0,0,0,0,0,0,0,0,0,0,0,0
2020-09-18,0,0,0,0,0,0,0,0,0,0,0,0,0,0,0,0,0,0,0,0,0,0,0,0,0,0,0,0,0
2020-09-21,0,0,0,0,0,0,0,0,0,0,0,0,0,0,0,0,0,0,0,0,0,0,0,0,0,0,0,0,0
2020-09-22,0,0,0,0,0,0,0,0,0,0,0,0,0,0,0,0,0,0,0,0,0,0,0,0,0,0,0,0,0
2020-09-23,0,0,0,0,0,0,0,0,0,0,0,0,0,0,0,0,0,0,0,0,0,0,0,0,0,0,0,0,0
2020-09-24,0,0,0,0,0,0,0,0,0,0,0,0,0,0,0,0,0,0,0,0,0,0,0,0,0,0,0,0,0
2020-09-25,0,0,0,0,0,0,0,0,0,0,0,0,0,0,0,0,0,0,0,0,0,0,0,0,0,0,0,0,0
2020-09-28,0,0,0,0,0,0,0,0,0,0,0,0,0,0,0,0,0,0,0,0,0,0,0,0,0,0,0,0,0
2020-09-29,0,0,0,0,0,0,0,0,0,0,0,0,0,0,0,0,0,0,0,0,0,0,0,0,0,0,0,0,0
2020-09-30,0,0,0,0,0,0,0,0,0,0,0,0,0,0,0,0,0,0,0,0,0,0,0,0,0,0,0,0,0
2020-10-01,0,0,0,0,0,0,0,0,0,0,0,0,0,0,0,0,0,0,0,0,0,0,0,0,0,0,0,0,0
2020-10-05,-100,-100,-100,0,100,100,-100,0,0,0,40,100,0,0,0,100,-100,100,0,100,-100,0,0,-100,0,-100,2,0,0
2020-10-06,0,0,0,0,0,0,0,0,0,0,0,0,0,0,0,0,0,0,0,0,0,0,0,0,0,0,0,0,0
2020-10-07,-100,-100,-100,0,100,100,-100,0,0,0,0,39,0,0,0,100,-100,100,0,100,-100,0,0,-83,0,-11,2,0,0
2020-10-08,-100,-100,-100,0,100,100,-100,0,0,0,0,0,0,0,0,100,-100,100,0,14,-100,0,0,0,0,0,0,0,0
2020-10-09,-100,-100,-100,0,100,100,-100,0,0,0,0,0,0,0,0,100,-100,100,0,11,-100,0,0,0,0,0,0,0,0
2020-10-12,-100,-100,-100,0,100,100,-100,0,0,0,0,0,0,0,0,100,-100,100,0,25,-100,0,0,0,0,0,0,0,0
2020-10-13,0,0,0,0,0,0,0,0,0,0,0,0,0,0,0,0,0,0,0,0,0,0,0,0,0,0,0,0,0
2020-10-14,-100,-100,-100,0,100,100,-100,0,0,0,0,0,0,0,0,100,0,84,0,2,-100,0,0,0,0,0,0,0,0
2020-10-15,-100,-100,-100,0,100,100,-100,0,0,0,0,0,0,0,0,100,0,82,0,2,-100,0,0,0,0,0,0,0,0
2020-10-16,-100,-2,-100,0,100,100,-100,0,0,0,0,0,0,0,0,59,0,0,0,0,-100,0,0,0,0,0,1,0,0
2020-10-19,-100,0,-100,0,100,100,-100,0,0,0,0,0,0,0,0,48,0,0,0,0,-100,0,0,0,0,0,0,0,0
2020-10-20,0,0,0,0,0,0,0,0,0,0,0,0,0,0,0,0,0,0,0,0,0,0,0,0,0,0,0,0,0
2020-10-21,-100,0,-100,0,100,100,-100,0,0,0,0,0,0,0,0,50,0,0,0,0,-100,0,0,0,0,0,0,0,0
2020-10-22,-100,0,-100,0,100,100,-100,0,0,0,0,0,0,0,0,53,0,0,0,0,-100,0,0,0,0,0,0,0,0
2020-10-23,-100,0,-100,0,100,100,-100,0,0,0,0,0,0,0,0,48,0,0,0,0,-100,0,0,0,0,0,1,0,0
2020-10-26,-100,0,-100,0,31,100,-100,0,0,0,0,0,0,0,0,1,0,0,0,0,-24,0,0,0,0,0,0,0,0
2020-10-27,0,0,0,0,0,0,0,0,0,0,0,0,0,0,0,0,0,0,0,0,0,0,0,0,0,0,0,0,0
2020-10-28,-100,0,0,0,1,59,-100,0,0,0,0,0,0,0,0,0,0,0,0,1,0,0,0,0,0,0,0,0,0
2020-10-29,-100,0,0,0,1,61,-100,0,0,0,0,0,0,0,0,0,0,0,0,1,0,0,0,0,0,0,0,0,0
2020-10-30,-100,0,0,0,0,57,-77,0,0,0,0,0,0,0,0,0,0,0,0,0,0,0,0,0,0,0,0,0,0
2020-11-02,-100,0,0,0,0,46,0,0,0,0,0,0,0,0,0,0,0,0,0,0,0,0,0,0,0,0,0,0,0
2020-11-03,0,0,0,0,0,0,0,0,0,0,0,0,0,0,0,0,0,0,0,0,0,0,0,0,0,0,0,0,0
2020-11-04,-100,0,0,0,0,45,0,0,0,0,0,0,0,0,0,0,0,0,0,0,0,0,0,0,0,0,1,0,0
2020-11-05,-100,0,0,0,0,45,0,0,0,0,0,0,0,0,0,0,0,0,0,0,0,0,0,0,0,0,0,0,0
2020-11-06,-100,0,0,0,1,44,0,0,0,0,0,0,0,0,0,0,0,0,0,1,0,0,0,0,0,0,0,0,0
2020-11-09,-100,0,0,0,0,44,0,0,0,0,0,0,0,0,0,0,0,0,0,0,0,0,0,0,0,0,1,0,0
2020-11-10,0,0,0,0,0,0,0,0,0,0,0,0,0,0,0,0,0,0,0,0,0,0,0,0,0,0,0,0,0
2020-11-11,-100,0,0,0,0,46,0,0,0,0,0,0,0,0,0,0,0,0,0,1,0,0,0,0,0,0,0,0,0
2020-11-12,-100,0,0,0,0,47,0,0,0,0,0,0,0,0,0,0,0,0,0,0,0,0,0,0,0,0,0,0,0
2020-11-13,-100,0,0,0,0,47,0,0,0,0,0,0,0,0,0,0,0,0,0,0,0,0,0,0,0,0,0,0,0
2020-11-16,-35,0,0,0,1,16,0,0,0,0,0,0,0,0,0,0,0,0,0,0,0,0,0,0,0,0,0,0,0
2020-11-17,0,0,0,0,0,0,0,0,0,0,0,0,0,0,0,0,0,0,0,0,0,0,0,0,0,0,0,0,0
2020-11-18,0,0,0,0,0,0,0,0,0,0,0,0,0,0,0,0,0,0,0,0,0,0,0,0,0,0,0,0,0
2020-11-19,0,0,0,0,0,0,0,0,0,0,0,0,0,0,0,0,0,0,0,0,0,0,0,0,0,0,0,0,0
2020-11-20,0,0,0,0,0,0,0,0,0,0,0,0,0,0,0,0,0,0,0,0,0,0,0,0,0,0,0,0,0
2020-11-23,0,0,0,0,0,0,0,0,0,0,0,0,0,0,0,0,0,0,0,0,0,0,0,0,0,0,0,0,0
2020-11-24,0,0,0,0,0,0,0,0,0,0,0,0,0,0,0,0,0,0,0,0,0,0,0,0,0,0,0,0,0
2020-11-25,0,0,0,0,0,0,0,0,0,0,0,0,0,0,0,0,0,0,0,0,0,0,0,0,0,0,0,0,0
2020-11-27,0,0,0,0,0,0,0,0,0,0,0,0,0,0,0,0,0,0,0,0,0,0,0,0,0,0,0,0,0
2020-11-30,0,0,0,0,0,0,0,0,0,0,0,0,0,0,0,0,0,0,0,0,0,0,0,0,0,0,0,0,0
2020-12-01,0,0,0,0,0,0,0,0,0,0,0,0,0,0,0,0,0,0,0,0,0,0,0,0,0,0,0,0,0
2020-12-02,0,0,0,0,0,0,0,0,0,0,0,0,0,0,0,0,0,0,0,0,0,0,0,0,0,0,0,0,0
2020-12-03,0,0,0,0,0,0,0,0,0,0,0,0,0,0,0,0,0,0,0,0,0,0,0,0,0,0,0,0,0
2020-12-04,0,0,0,0,0,0,0,0,0,0,0,0,0,0,0,0,0,0,0,0,0,0,0,0,0,0,0,0,0
2020-12-07,0,0,0,0,0,0,0,0,0,0,0,0,0,0,0,0,0,0,0,0,0,0,0,0,0,0,0,0,0
2020-12-08,0,0,0,0,0,0,0,0,0,0,0,0,0,0,0,0,0,0,0,0,0,0,0,0,0,0,0,0,0
2020-12-09,0,0,0,0,0,0,0,0,0,0,0,0,0,0,0,0,0,0,0,0,0,0,0,0,0,0,0,0,0
2020-12-10,0,0,0,0,0,0,0,0,0,0,0,0,0,0,0,0,0,0,0,0,0,0,0,0,0,0,0,0,0
2020-12-11,0,0,0,0,0,0,0,0,0,0,0,0,0,0,0,0,0,0,0,0,0,0,0,0,0,0,0,0,0
2020-12-14,0,0,0,0,0,0,0,0,0,0,0,0,0,0,0,0,0,0,0,0,0,0,0,0,0,0,0,0,0
2020-12-15,0,0,0,0,0,0,0,0,0,0,0,0,0,0,0,0,0,0,0,0,0,0,0,0,0,0,0,0,0
2020-12-16,0,0,0,0,0,0,0,0,0,0,0,0,0,0,0,0,0,0,0,0,0,0,0,0,0,0,0,0,0
2020-12-17,0,0,0,0,0,0,0,0,0,0,0,0,0,0,0,0,0,0,0,0,0,0,0,0,0,0,0,0,0
2020-12-18,0,0,0,0,0,0,0,0,0,0,0,0,0,0,0,0,0,0,0,0,0,0,0,0,0,0,0,0,0
2020-12-21,0,0,0,0,0,0,0,0,0,0,0,0,0,0,0,0,0,0,0,0,0,0,0,0,0,0,0,0,0
2020-12-22,0,0,0,0,0,0,0,0,0,0,0,0,0,0,0,0,0,0,0,0,0,0,0,0,0,0,0,0,0
2020-12-23,0,0,0,0,0,0,0,0,0,0,0,0,0,0,0,0,0,0,0,0,0,0,0,0,0,0,0,0,0
2020-12-24,0,0,0,0,0,0,0,0,0,0,0,0,0,0,0,0,0,0,0,0,0,0,0,0,0,0,0,0,0
2020-12-28,0,0,0,0,0,0,0,0,0,0,0,0,0,0,0,0,0,0,0,0,0,0,0,0,0,0,0,0,0
